asset_path,category,disposition,purpose,phase,binding,uuid,importer,source_in_project,bytes,sha256,original_used_by,subassets
assets/resources/jump/original/res/0.png,original,备用模型纹理,已嵌入模型：block_25.glb,无,原图用于材质校对；相关备用模型当前不生成,eef523d3-3592-49f5-bfba-5f681fe132ba,image,docs/参考资料/原始提取包/游戏资源/res/0.png,4796,15ffe05dca497e2225072838f32408a00faffca601087d7720080b772023caa0,[],"[{""id"": ""6c48a"", ""uuid"": ""eef523d3-3592-49f5-bfba-5f681fe132ba@6c48a"", ""importer"": ""texture"", ""name"": ""texture"", ""display_name"": ""0"", ""imported"": true, ""files"": ["".json""]}]"
assets/resources/jump/original/res/1.png,original,备用模型纹理,已嵌入模型：block_25.glb,无,原图用于材质校对；相关备用模型当前不生成,afb68183-bb67-472b-91fc-abc95a4fc81d,image,docs/参考资料/原始提取包/游戏资源/res/1.png,3017,a8a8f0087ec7b9ab7025fd862091e17794b0731e26e0d31e8b8c1920accf9161,[],"[{""id"": ""6c48a"", ""uuid"": ""afb68183-bb67-472b-91fc-abc95a4fc81d@6c48a"", ""importer"": ""texture"", ""name"": ""texture"", ""display_name"": ""1"", ""imported"": true, ""files"": ["".json""]}]"
assets/resources/jump/original/res/2.png,original,备用模型纹理,原数字/时钟贴图；原block代码用作钟面,无,不是HUD完整数字字体，不默认绑定,a22f8dbe-5ee3-4aee-8982-c4924422dc81,image,docs/参考资料/原始提取包/游戏资源/res/2.png,4947,5d53830e0d19dfdabe44a01a29c65f75b510ea485b739c38a43fbeb99485b5ff,[],"[{""id"": ""6c48a"", ""uuid"": ""a22f8dbe-5ee3-4aee-8982-c4924422dc81@6c48a"", ""importer"": ""texture"", ""name"": ""texture"", ""display_name"": ""2"", ""imported"": true, ""files"": ["".json""]}]"
assets/resources/jump/original/res/2d/555.png,original,待确认备用,原包图片，未建立可靠的核心用途映射,无,保留原文件与源码used_by；后续查证，不凭文件名新增功能,8231de5d-73e1-446f-b749-6cda8a435974,image,docs/参考资料/原始提取包/游戏资源/res/2d/555.png,1872,1ca22102e95fcad482997caeb978ea5935f44cc06045c825c1a0be53c7f1136c,"[""js/pages/pages2d/relay.js""]","[{""id"": ""6c48a"", ""uuid"": ""8231de5d-73e1-446f-b749-6cda8a435974@6c48a"", ""importer"": ""texture"", ""name"": ""texture"", ""display_name"": ""555"", ""imported"": true, ""files"": ["".json""]}]"
assets/resources/jump/original/res/2d/auth.png,original,范围外素材,原社交/榜单/换装/邀请/活动/授权相关界面资料,无,按核心范围排除，只归档不绑定,99cd24e0-e9ec-4327-a48e-3eebf9a193dc,image,docs/参考资料/原始提取包/游戏资源/res/2d/auth.png,7289,bd67f574c40b877a6a5df1c98fda8284333cb76317de57e5af8443aa4f5eb950,"[""js/pages/full2D.js""]","[{""id"": ""6c48a"", ""uuid"": ""99cd24e0-e9ec-4327-a48e-3eebf9a193dc@6c48a"", ""importer"": ""texture"", ""name"": ""texture"", ""display_name"": ""auth"", ""imported"": true, ""files"": ["".json""]}]"
assets/resources/jump/original/res/2d/ava_square.png,original,范围外素材,原社交/榜单/换装/邀请/活动/授权相关界面资料,无,按核心范围排除，只归档不绑定,0d85f51f-6828-4041-8c2e-4a3175a21704,image,docs/参考资料/原始提取包/游戏资源/res/2d/ava_square.png,1224,f78a3b29ecf6c80ddff470e28fa68b20d0e16294d98992a43cd6a3b37329d982,"[""js/pages/lookers.js"", ""js/pages/pages2d/lookers.js"", ""js/pages/pages2d/pk.js"", ""js/pages/pages2d/profile.js"", ""js/pages/pages2d/record.js"", ""js/pages/pages2d/relay.js"", ""js/pages/pages2d/shareskin.js""]","[{""id"": ""6c48a"", ""uuid"": ""0d85f51f-6828-4041-8c2e-4a3175a21704@6c48a"", ""importer"": ""texture"", ""name"": ""texture"", ""display_name"": ""ava_square"", ""imported"": true, ""files"": ["".json""]}]"
assets/resources/jump/original/res/2d/dog1.jpg,original,待确认备用,原包图片，未建立可靠的核心用途映射,无,保留原文件与源码used_by；后续查证，不凭文件名新增功能,b3c7dc3f-f27e-42b4-881d-a2e97068cd73,image,docs/参考资料/原始提取包/游戏资源/res/2d/dog1.jpg,15680,b4fb030ab1c152b7488f30b9f89d0421d97d14ab9e6d28773c2b676522f57db7,"[""js/control/onebyoneCtrl.js""]","[{""id"": ""6c48a"", ""uuid"": ""b3c7dc3f-f27e-42b4-881d-a2e97068cd73@6c48a"", ""importer"": ""texture"", ""name"": ""texture"", ""display_name"": ""dog1"", ""imported"": true, ""files"": ["".json""]}]"
assets/resources/jump/original/res/2d/dog2.jpg,original,待确认备用,原包图片，未建立可靠的核心用途映射,无,保留原文件与源码used_by；后续查证，不凭文件名新增功能,e5210b31-e0c0-41ca-be0d-1141d0154035,image,docs/参考资料/原始提取包/游戏资源/res/2d/dog2.jpg,17088,434735b5591f68512a7486de521cdf05327c7642ebd34bb0824df712a6f3cb32,"[""js/control/onebyoneCtrl.js""]","[{""id"": ""6c48a"", ""uuid"": ""e5210b31-e0c0-41ca-be0d-1141d0154035@6c48a"", ""importer"": ""texture"", ""name"": ""texture"", ""display_name"": ""dog2"", ""imported"": true, ""files"": ["".json""]}]"
assets/resources/jump/original/res/2d/dog3.jpg,original,待确认备用,原包图片，未建立可靠的核心用途映射,无,保留原文件与源码used_by；后续查证，不凭文件名新增功能,275633ea-59d3-42a3-a3ff-b53b5d00161c,image,docs/参考资料/原始提取包/游戏资源/res/2d/dog3.jpg,18252,91ad63ee924c55b3acf23372cb436e2991ee983a399d74699f8590a933db78d9,"[""js/control/onebyoneCtrl.js""]","[{""id"": ""6c48a"", ""uuid"": ""275633ea-59d3-42a3-a3ff-b53b5d00161c@6c48a"", ""importer"": ""texture"", ""name"": ""texture"", ""display_name"": ""dog3"", ""imported"": true, ""files"": ["".json""]}]"
assets/resources/jump/original/res/2d/dog4.jpg,original,待确认备用,原包图片，未建立可靠的核心用途映射,无,保留原文件与源码used_by；后续查证，不凭文件名新增功能,73831708-092f-472b-8588-385cf818e691,image,docs/参考资料/原始提取包/游戏资源/res/2d/dog4.jpg,15716,67e2669a06c876a915e2aacd4f346319943da5750369f6267352247ae210ac2d,"[""js/control/onebyoneCtrl.js""]","[{""id"": ""6c48a"", ""uuid"": ""73831708-092f-472b-8588-385cf818e691@6c48a"", ""importer"": ""texture"", ""name"": ""texture"", ""display_name"": ""dog4"", ""imported"": true, ""files"": ["".json""]}]"
assets/resources/jump/original/res/2d/dog5.jpg,original,待确认备用,原包图片，未建立可靠的核心用途映射,无,保留原文件与源码used_by；后续查证，不凭文件名新增功能,6cd40970-8f03-4ae2-b899-ac5568d3ae8d,image,docs/参考资料/原始提取包/游戏资源/res/2d/dog5.jpg,17099,31cfef969468575467a7b18d88916c33c740683c3cf5062a76472807812918db,"[""js/control/onebyoneCtrl.js""]","[{""id"": ""6c48a"", ""uuid"": ""6cd40970-8f03-4ae2-b899-ac5568d3ae8d@6c48a"", ""importer"": ""texture"", ""name"": ""texture"", ""display_name"": ""dog5"", ""imported"": true, ""files"": ["".json""]}]"
assets/resources/jump/original/res/2d/home.png,original,备用UI,线框主页图标，使用 new_home 作为核心默认,03,备用，默认不绑定,b26aed5f-b610-4784-a413-8a6e840e3711,image,docs/参考资料/原始提取包/游戏资源/res/2d/home.png,3597,89c2ccb4f013260be2aa922e8990854048018e946f28d9c14ae4c8efa8ec3586,"[""js/pages/pages2d/base.js""]","[{""id"": ""6c48a"", ""uuid"": ""b26aed5f-b610-4784-a413-8a6e840e3711@6c48a"", ""importer"": ""texture"", ""name"": ""texture"", ""display_name"": ""home"", ""imported"": true, ""files"": ["".json""]}]"
assets/resources/jump/original/res/2d/inviteGray.png,original,范围外素材,原社交/榜单/换装/邀请/活动/授权相关界面资料,无,按核心范围排除，只归档不绑定,e96b501c-b3d8-44ca-87d7-8470067afc9d,image,docs/参考资料/原始提取包/游戏资源/res/2d/inviteGray.png,10196,edc6d2801d18bb446751d8eb61a25c4bc963d766a9e9648d3fae149b532e4362,"[""js/pages/pages2d/relay.js""]","[{""id"": ""6c48a"", ""uuid"": ""e96b501c-b3d8-44ca-87d7-8470067afc9d@6c48a"", ""importer"": ""texture"", ""name"": ""texture"", ""display_name"": ""inviteGray"", ""imported"": true, ""files"": ["".json""]}]"
assets/resources/jump/original/res/2d/inviteGrayBg.png,original,范围外素材,原社交/榜单/换装/邀请/活动/授权相关界面资料,无,按核心范围排除，只归档不绑定,35beb769-02c3-4afd-ad5d-3ff99b4859a8,image,docs/参考资料/原始提取包/游戏资源/res/2d/inviteGrayBg.png,4155,aa98500b1c075da7401795c64abbc37405c4dd244909fe2960ddf9afac78f2c7,[],"[{""id"": ""6c48a"", ""uuid"": ""35beb769-02c3-4afd-ad5d-3ff99b4859a8@6c48a"", ""importer"": ""texture"", ""name"": ""texture"", ""display_name"": ""inviteGrayBg"", ""imported"": true, ""files"": ["".json""]}]"
assets/resources/jump/original/res/2d/inviteWhite.png,original,范围外素材,原社交/榜单/换装/邀请/活动/授权相关界面资料,无,按核心范围排除，只归档不绑定,ede4f5c4-ab0f-49ad-bcb2-61116e41f719,image,docs/参考资料/原始提取包/游戏资源/res/2d/inviteWhite.png,12675,5ae7641151e774af01119336b14a70be6a2375640d78427fb7112cc723e7791c,"[""js/pages/pages2d/relay.js""]","[{""id"": ""6c48a"", ""uuid"": ""ede4f5c4-ab0f-49ad-bcb2-61116e41f719@6c48a"", ""importer"": ""texture"", ""name"": ""texture"", ""display_name"": ""inviteWhite"", ""imported"": true, ""files"": ["".json""]}]"
assets/resources/jump/original/res/2d/inviteWhiteBg.png,original,范围外素材,原社交/榜单/换装/邀请/活动/授权相关界面资料,无,按核心范围排除，只归档不绑定,f33be2fc-2ac0-4a76-84dc-cc9cb7253f5c,image,docs/参考资料/原始提取包/游戏资源/res/2d/inviteWhiteBg.png,4581,9f972b13580752aac00876fd8e35eaadf59477b919d6316c10a3671bb53c1057,[],"[{""id"": ""6c48a"", ""uuid"": ""f33be2fc-2ac0-4a76-84dc-cc9cb7253f5c@6c48a"", ""importer"": ""texture"", ""name"": ""texture"", ""display_name"": ""inviteWhiteBg"", ""imported"": true, ""files"": ["".json""]}]"
assets/resources/jump/original/res/2d/iplay.png,original,范围外素材,原社交/榜单/换装/邀请/活动/授权相关界面资料,无,按核心范围排除，只归档不绑定,9c092c74-0fd1-4877-8f35-3a7d3c605291,image,docs/参考资料/原始提取包/游戏资源/res/2d/iplay.png,2791,12e7179c47dfd9b0b4b31569bbe8b655bc9b900976e8e4b8825cdf10506fda77,"[""js/pages/pages2d/gg.js"", ""js/pages/pages2d/rank.js"", ""js/pages/pages2d/record.js""]","[{""id"": ""6c48a"", ""uuid"": ""9c092c74-0fd1-4877-8f35-3a7d3c605291@6c48a"", ""importer"": ""texture"", ""name"": ""texture"", ""display_name"": ""iplay"", ""imported"": true, ""files"": ["".json""]}]"
assets/resources/jump/original/res/2d/like.png,original,范围外素材,原社交/榜单/换装/邀请/活动/授权相关界面资料,无,按核心范围排除，只归档不绑定,102dcf30-f63e-40d8-93d1-b290b131174a,image,docs/参考资料/原始提取包/游戏资源/res/2d/like.png,6763,27b6a697976bfc0f245d4f6a8254dab89db5a15545619e3ee9b2f7ac787f2b13,"[""js/pages/pages2d/profile.js""]","[{""id"": ""6c48a"", ""uuid"": ""102dcf30-f63e-40d8-93d1-b290b131174a@6c48a"", ""importer"": ""texture"", ""name"": ""texture"", ""display_name"": ""like"", ""imported"": true, ""files"": ["".json""]}]"
assets/resources/jump/original/res/2d/like1.png,original,范围外素材,原社交/榜单/换装/邀请/活动/授权相关界面资料,无,按核心范围排除，只归档不绑定,78d9c335-d632-4050-b908-a486e54327e7,image,docs/参考资料/原始提取包/游戏资源/res/2d/like1.png,8596,f7afb5e52dc46ba4ea714ec674697cffcd192da95ba7e1301f6b5dbd0fc569b6,"[""js/pages/pages2d/profile.js""]","[{""id"": ""6c48a"", ""uuid"": ""78d9c335-d632-4050-b908-a486e54327e7@6c48a"", ""importer"": ""texture"", ""name"": ""texture"", ""display_name"": ""like1"", ""imported"": true, ""files"": ["".json""]}]"
assets/resources/jump/original/res/2d/msg.png,original,范围外素材,原社交/榜单/换装/邀请/活动/授权相关界面资料,无,按核心范围排除，只归档不绑定,d0c2264f-1801-4214-bee8-5aab10a64625,image,docs/参考资料/原始提取包/游戏资源/res/2d/msg.png,6553,2d1df09604458d9d86461b4c8cee202b4d13976066d6d9cea90980ba09bc9ba3,"[""js/pages/pages2d/start.js""]","[{""id"": ""6c48a"", ""uuid"": ""d0c2264f-1801-4214-bee8-5aab10a64625@6c48a"", ""importer"": ""texture"", ""name"": ""texture"", ""display_name"": ""msg"", ""imported"": true, ""files"": ["".json""]}]"
assets/resources/jump/original/res/2d/msg_default.png,original,范围外素材,原社交/榜单/换装/邀请/活动/授权相关界面资料,无,按核心范围排除，只归档不绑定,2a4aa11d-fb04-4fbd-aefe-61a2294614a1,image,docs/参考资料/原始提取包/游戏资源/res/2d/msg_default.png,2434,d5ea0622082aa5e4d37259606201704f951ec55ae30bdcaa3f9943473fe0c49f,"[""js/pages/pages2d/msg.js""]","[{""id"": ""6c48a"", ""uuid"": ""2a4aa11d-fb04-4fbd-aefe-61a2294614a1@6c48a"", ""importer"": ""texture"", ""name"": ""texture"", ""display_name"": ""msg_default"", ""imported"": true, ""files"": ["".json""]}]"
assets/resources/jump/original/res/2d/new_home.png,original,核心UI,蓝色主页圆形按钮,03,GameOverView Button，绑定返回首页,0d3622df-3afd-4287-b49b-36b1e8229c93,image,docs/参考资料/原始提取包/游戏资源/res/2d/new_home.png,8232,c6fdfe8f6cc92a384e99870799985ed4af7bfb7a5aff172d364a49f8d737d74f,"[""js/pages/pages2d/gg.js""]","[{""id"": ""6c48a"", ""uuid"": ""0d3622df-3afd-4287-b49b-36b1e8229c93@6c48a"", ""importer"": ""texture"", ""name"": ""texture"", ""display_name"": ""new_home"", ""imported"": true, ""files"": ["".json""]}]"
assets/resources/jump/original/res/2d/new_return.png,original,备用UI,白色圆形返回按钮，可作暂停菜单备选,03,仅确有返回按钮需求时引用，不自动新增页面,2aeb8bca-ef11-4e16-8a99-33144b8d8cb4,image,docs/参考资料/原始提取包/游戏资源/res/2d/new_return.png,6366,bad286999c79dcdf63379fc0d7afd0554ff0ffe48cbf70e1f443af313c181a8a,"[""js/pages/pages2d/gg.js"", ""js/pages/pages2d/msg.js"", ""js/pages/pages2d/profile.js"", ""js/pages/pages2d/rank.js"", ""js/pages/pages2d/record.js"", ""js/pages/pages2d/shareskin.js"", ""js/pages/pages2d/skin.js""]","[{""id"": ""6c48a"", ""uuid"": ""2aeb8bca-ef11-4e16-8a99-33144b8d8cb4@6c48a"", ""importer"": ""texture"", ""name"": ""texture"", ""display_name"": ""new_return"", ""imported"": true, ""files"": ["".json""]}]"
assets/resources/jump/original/res/2d/owner.png,original,范围外素材,原社交/榜单/换装/邀请/活动/授权相关界面资料,无,按核心范围排除，只归档不绑定,7d0cb53f-8e6b-4be4-9ed1-e4c3321a7152,image,docs/参考资料/原始提取包/游戏资源/res/2d/owner.png,2847,df392a1787f61fe5a604e669390f128437672340222d34c2f721c652b962b280,"[""js/pages/pages2d/relay.js""]","[{""id"": ""6c48a"", ""uuid"": ""7d0cb53f-8e6b-4be4-9ed1-e4c3321a7152@6c48a"", ""importer"": ""texture"", ""name"": ""texture"", ""display_name"": ""owner"", ""imported"": true, ""files"": ["".json""]}]"
assets/resources/jump/original/res/2d/profile_prop.png,original,范围外素材,原社交/榜单/换装/邀请/活动/授权相关界面资料,无,按核心范围排除，只归档不绑定,b19eab37-06ba-45b4-b80c-78d06454d335,image,docs/参考资料/原始提取包/游戏资源/res/2d/profile_prop.png,858,9fe33cd3a436c02095aa6a8797007ad556273056a86a4107cbca0e5260b1d566,"[""js/pages/pages2d/profile.js""]","[{""id"": ""6c48a"", ""uuid"": ""b19eab37-06ba-45b4-b80c-78d06454d335@6c48a"", ""importer"": ""texture"", ""name"": ""texture"", ""display_name"": ""profile_prop"", ""imported"": true, ""files"": ["".json""]}]"
assets/resources/jump/original/res/2d/profile_prop_icon.png,original,范围外素材,原社交/榜单/换装/邀请/活动/授权相关界面资料,无,按核心范围排除，只归档不绑定,5b5136fa-d345-4413-a161-d1e0cca03e75,image,docs/参考资料/原始提取包/游戏资源/res/2d/profile_prop_icon.png,545,6ff2b4d24cd159f65a12e3b14f4224762bfe12247657eed766acfdd8f922b67c,"[""js/pages/pages2d/profile.js""]","[{""id"": ""6c48a"", ""uuid"": ""5b5136fa-d345-4413-a161-d1e0cca03e75@6c48a"", ""importer"": ""texture"", ""name"": ""texture"", ""display_name"": ""profile_prop_icon"", ""imported"": true, ""files"": ["".json""]}]"
assets/resources/jump/original/res/2d/profile_zan.png,original,范围外素材,原社交/榜单/换装/邀请/活动/授权相关界面资料,无,按核心范围排除，只归档不绑定,0e9f3a84-d204-4455-8a4c-598367fcb338,image,docs/参考资料/原始提取包/游戏资源/res/2d/profile_zan.png,472,ffa4b6f15389802c17f9a31080df7850cdc26bc5ab233c0221764079d0044604,"[""js/pages/pages2d/profile.js""]","[{""id"": ""6c48a"", ""uuid"": ""0e9f3a84-d204-4455-8a4c-598367fcb338@6c48a"", ""importer"": ""texture"", ""name"": ""texture"", ""display_name"": ""profile_zan"", ""imported"": true, ""files"": ["".json""]}]"
assets/resources/jump/original/res/2d/profile_zan_icon.png,original,范围外素材,原社交/榜单/换装/邀请/活动/授权相关界面资料,无,按核心范围排除，只归档不绑定,e1f9427e-4ccc-4e75-9115-5812d628e6e4,image,docs/参考资料/原始提取包/游戏资源/res/2d/profile_zan_icon.png,941,9935358aeac296478a37e0f6c851dd799e06c915ffd78ed7eaecddbf5454e780,"[""js/pages/pages2d/profile.js""]","[{""id"": ""6c48a"", ""uuid"": ""e1f9427e-4ccc-4e75-9115-5812d628e6e4@6c48a"", ""importer"": ""texture"", ""name"": ""texture"", ""display_name"": ""profile_zan_icon"", ""imported"": true, ""files"": ["".json""]}]"
assets/resources/jump/original/res/2d/rank.png,original,范围外素材,原社交/榜单/换装/邀请/活动/授权相关界面资料,无,按核心范围排除，只归档不绑定,7129f829-6033-48c9-ae8f-7c21ee501983,image,docs/参考资料/原始提取包/游戏资源/res/2d/rank.png,6479,d79f1033b6c4c0e20fe836258313737c69f493e6345529a5012c616b1ae8686d,"[""js/pages/pages2d/start.js""]","[{""id"": ""6c48a"", ""uuid"": ""7129f829-6033-48c9-ae8f-7c21ee501983@6c48a"", ""importer"": ""texture"", ""name"": ""texture"", ""display_name"": ""rank"", ""imported"": true, ""files"": ["".json""]}]"
assets/resources/jump/original/res/2d/record.png,original,范围外素材,原社交/榜单/换装/邀请/活动/授权相关界面资料,无,按核心范围排除，只归档不绑定,ec420ac1-3520-4a55-98d5-3ef0d39bcb76,image,docs/参考资料/原始提取包/游戏资源/res/2d/record.png,2800,b34e6986a21e3880fe8eab91ab34665399b1b37f992bae3d17825697f2ff0a49,"[""js/pages/pages2d/profile.js""]","[{""id"": ""6c48a"", ""uuid"": ""ec420ac1-3520-4a55-98d5-3ef0d39bcb76@6c48a"", ""importer"": ""texture"", ""name"": ""texture"", ""display_name"": ""record"", ""imported"": true, ""files"": ["".json""]}]"
assets/resources/jump/original/res/2d/return.png,original,待确认备用,原包图片，未建立可靠的核心用途映射,无,保留原文件与源码used_by；后续查证，不凭文件名新增功能,99439190-83da-4ff9-b234-760f40c0d693,image,docs/参考资料/原始提取包/游戏资源/res/2d/return.png,3367,e33b099297b6b43dfebfa5d399709c9af6a2854d9af76db357583c78bec8389c,"[""js/pages/pages2d/base.js""]","[{""id"": ""6c48a"", ""uuid"": ""99439190-83da-4ff9-b234-760f40c0d693@6c48a"", ""importer"": ""texture"", ""name"": ""texture"", ""display_name"": ""return"", ""imported"": true, ""files"": ["".json""]}]"
assets/resources/jump/original/res/2d/see_group.png,original,范围外素材,原社交/榜单/换装/邀请/活动/授权相关界面资料,无,按核心范围排除，只归档不绑定,111b85a3-be14-453b-944c-ea37bbdd9714,image,docs/参考资料/原始提取包/游戏资源/res/2d/see_group.png,11094,b246f097dcac4cb3f7fe7b40a00ba52efa5fc6126316e9e3d69fed0dc8fb4997,"[""js/pages/pages2d/rank.js""]","[{""id"": ""6c48a"", ""uuid"": ""111b85a3-be14-453b-944c-ea37bbdd9714@6c48a"", ""importer"": ""texture"", ""name"": ""texture"", ""display_name"": ""see_group"", ""imported"": true, ""files"": ["".json""]}]"
assets/resources/jump/original/res/2d/sel.png,original,待确认备用,原包图片，未建立可靠的核心用途映射,无,保留原文件与源码used_by；后续查证，不凭文件名新增功能,12636544-167b-4550-b3fa-240a1192c29b,image,docs/参考资料/原始提取包/游戏资源/res/2d/sel.png,2258,e203ad747af95e2f58242f87bb18a2c0f18134051238ff2ece4ca5dd1ca5b821,"[""js/pages/pages2d/skin.js""]","[{""id"": ""6c48a"", ""uuid"": ""12636544-167b-4550-b3fa-240a1192c29b@6c48a"", ""importer"": ""texture"", ""name"": ""texture"", ""display_name"": ""sel"", ""imported"": true, ""files"": ["".json""]}]"
assets/resources/jump/original/res/2d/shade.png,original,待确认备用,原包图片，未建立可靠的核心用途映射,无,保留原文件与源码used_by；后续查证，不凭文件名新增功能,6d8136cf-c9bf-41a9-bbba-99f216e00d8b,image,docs/参考资料/原始提取包/游戏资源/res/2d/shade.png,1034,02297641344128a0660c4ac84554d037923a9990dd8a4ae594a6847c42c2bc02,"[""js/pages/pages2d/profile.js""]","[{""id"": ""6c48a"", ""uuid"": ""6d8136cf-c9bf-41a9-bbba-99f216e00d8b@6c48a"", ""importer"": ""texture"", ""name"": ""texture"", ""display_name"": ""shade"", ""imported"": true, ""files"": ["".json""]}]"
assets/resources/jump/original/res/2d/share_black.png,original,范围外素材,原社交/榜单/换装/邀请/活动/授权相关界面资料,无,按核心范围排除，只归档不绑定,e5a3f876-d3fe-48c7-a62f-6016115ce7e0,image,docs/参考资料/原始提取包/游戏资源/res/2d/share_black.png,357,4d8fe3c0485a8118cd42b30b58cc84c27e20b7f7de432705fd457f3c781a6889,"[""js/pages/pages2d/record.js""]","[{""id"": ""6c48a"", ""uuid"": ""e5a3f876-d3fe-48c7-a62f-6016115ce7e0@6c48a"", ""importer"": ""texture"", ""name"": ""texture"", ""display_name"": ""share_black"", ""imported"": true, ""files"": ["".json""]}]"
assets/resources/jump/original/res/2d/skin.png,original,范围外素材,原社交/榜单/换装/邀请/活动/授权相关界面资料,无,按核心范围排除，只归档不绑定,05aa135b-35eb-4533-a14f-a7d3a08f1d75,image,docs/参考资料/原始提取包/游戏资源/res/2d/skin.png,7924,a73ddd600bbe6026d557cd3690fbeb7b00254a0b652c83c8cce9c757ef460f9e,"[""js/pages/pages2d/start.js""]","[{""id"": ""6c48a"", ""uuid"": ""05aa135b-35eb-4533-a14f-a7d3a08f1d75@6c48a"", ""importer"": ""texture"", ""name"": ""texture"", ""display_name"": ""skin"", ""imported"": true, ""files"": ["".json""]}]"
assets/resources/jump/original/res/2d/skip.png,original,待确认备用,原包图片，未建立可靠的核心用途映射,无,保留原文件与源码used_by；后续查证，不凭文件名新增功能,44df20a5-4b73-4009-857e-c2151bd222aa,image,docs/参考资料/原始提取包/游戏资源/res/2d/skip.png,6984,71f286e5091ea22b3e404de64eb4eb4ca4ddeaf47ba8c77a08740e8b7538d4c7,"[""js/pages/pages2d/relay.js""]","[{""id"": ""6c48a"", ""uuid"": ""44df20a5-4b73-4009-857e-c2151bd222aa@6c48a"", ""importer"": ""texture"", ""name"": ""texture"", ""display_name"": ""skip"", ""imported"": true, ""files"": ["".json""]}]"
assets/resources/jump/original/res/2d/sun.png,original,待确认备用,原包图片，未建立可靠的核心用途映射,无,保留原文件与源码used_by；后续查证，不凭文件名新增功能,d88bf378-f97b-4846-b610-6ec40cbede88,image,docs/参考资料/原始提取包/游戏资源/res/2d/sun.png,70764,f9f33dd8d55d97d47f298b189444221d732b28311ae31bfa8e6ba5fefa480226,"[""js/pages/pages2d/gg.js""]","[{""id"": ""6c48a"", ""uuid"": ""d88bf378-f97b-4846-b610-6ec40cbede88@6c48a"", ""importer"": ""texture"", ""name"": ""texture"", ""display_name"": ""sun"", ""imported"": true, ""files"": ["".json""]}]"
assets/resources/jump/original/res/2d/target.png,original,待确认备用,原包图片，未建立可靠的核心用途映射,无,保留原文件与源码used_by；后续查证，不凭文件名新增功能,2b995b95-1600-44c4-87f9-48c7b2a9642a,image,docs/参考资料/原始提取包/游戏资源/res/2d/target.png,13702,baf5f52b3ebf68fead6d5455e8a681ec5ea8681732e2c20ed7455e59449d3ed1,"[""js/pages/pages2d/gg.js"", ""js/pages/pages2d/profile.js""]","[{""id"": ""6c48a"", ""uuid"": ""2b995b95-1600-44c4-87f9-48c7b2a9642a@6c48a"", ""importer"": ""texture"", ""name"": ""texture"", ""display_name"": ""target"", ""imported"": true, ""files"": ["".json""]}]"
assets/resources/jump/original/res/2d/zan.png,original,范围外素材,原社交/榜单/换装/邀请/活动/授权相关界面资料,无,按核心范围排除，只归档不绑定,3781a6e5-f164-474f-8ee9-3e6f3c2e94ca,image,docs/参考资料/原始提取包/游戏资源/res/2d/zan.png,1077,5449fe6ea5ec04f7b85c10ade15dd741eb73ce9800ab4116b2c3a290b8364935,"[""js/pages/pages2d/msg.js""]","[{""id"": ""6c48a"", ""uuid"": ""3781a6e5-f164-474f-8ee9-3e6f3c2e94ca@6c48a"", ""importer"": ""texture"", ""name"": ""texture"", ""display_name"": ""zan"", ""imported"": true, ""files"": ["".json""]}]"
assets/resources/jump/original/res/3.png,original,备用模型纹理,原数字/时钟贴图；原block代码用作钟面,无,不是HUD完整数字字体，不默认绑定,d8d96beb-5297-448e-aae0-9f70d0445631,image,docs/参考资料/原始提取包/游戏资源/res/3.png,4547,ec70ea12bbf2bdd62f5f4735fb2925c19f753c9fcd81e47b1b59001dcbf8add2,[],"[{""id"": ""6c48a"", ""uuid"": ""d8d96beb-5297-448e-aae0-9f70d0445631@6c48a"", ""importer"": ""texture"", ""name"": ""texture"", ""display_name"": ""3"", ""imported"": true, ""files"": ["".json""]}]"
assets/resources/jump/original/res/4.png,original,备用模型纹理,原数字/时钟贴图；原block代码用作钟面,无,不是HUD完整数字字体，不默认绑定,4fc7c272-2dff-4234-8091-669a4df19bca,image,docs/参考资料/原始提取包/游戏资源/res/4.png,4055,0a4caf539a066465b34981318d4c4d7b83b1b8ec19ec32aaf96bd5cdb406126b,[],"[{""id"": ""6c48a"", ""uuid"": ""4fc7c272-2dff-4234-8091-669a4df19bca@6c48a"", ""importer"": ""texture"", ""name"": ""texture"", ""display_name"": ""4"", ""imported"": true, ""files"": ["".json""]}]"
assets/resources/jump/original/res/5.png,original,备用模型纹理,原数字/时钟贴图；原block代码用作钟面,无,不是HUD完整数字字体，不默认绑定,efbaeb8f-c804-44d9-9d13-059b8b1c5648,image,docs/参考资料/原始提取包/游戏资源/res/5.png,4945,6afe303a72e0b811c6c334569696c10af2e43dad9a1dc8841d5771278e63bd02,[],"[{""id"": ""6c48a"", ""uuid"": ""efbaeb8f-c804-44d9-9d13-059b8b1c5648@6c48a"", ""importer"": ""texture"", ""name"": ""texture"", ""display_name"": ""5"", ""imported"": true, ""files"": ["".json""]}]"
assets/resources/jump/original/res/6.png,original,备用模型纹理,已嵌入模型：block_25.glb,无,原图用于材质校对；相关备用模型当前不生成,a61ec1ca-3528-4aa1-9e6c-2bf93d7896dc,image,docs/参考资料/原始提取包/游戏资源/res/6.png,5101,49a8af04d27dc3742e91a940764c86a392b2b10e09d12628f257aeb8524181d0,[],"[{""id"": ""6c48a"", ""uuid"": ""a61ec1ca-3528-4aa1-9e6c-2bf93d7896dc@6c48a"", ""importer"": ""texture"", ""name"": ""texture"", ""display_name"": ""6"", ""imported"": true, ""files"": ["".json""]}]"
assets/resources/jump/original/res/7.png,original,备用模型纹理,已嵌入模型：block_25.glb,无,原图用于材质校对；相关备用模型当前不生成,e800a6a5-ae2d-46fa-ac02-ea6e33544ad3,image,docs/参考资料/原始提取包/游戏资源/res/7.png,3756,d54b0e7fc688b814769c204f6eadadb5a405fdd9f778dd300bf0afb4f719adc2,[],"[{""id"": ""6c48a"", ""uuid"": ""e800a6a5-ae2d-46fa-ac02-ea6e33544ad3@6c48a"", ""importer"": ""texture"", ""name"": ""texture"", ""display_name"": ""7"", ""imported"": true, ""files"": ["".json""]}]"
assets/resources/jump/original/res/8.png,original,备用模型纹理,原数字/时钟贴图；原block代码用作钟面,无,不是HUD完整数字字体，不默认绑定,ed96fcd0-7772-4c93-b039-18041c198adb,image,docs/参考资料/原始提取包/游戏资源/res/8.png,5135,2eac11684844ecc7d7ba3d4beacb2d346188d606629e69b1a9d8b23f434597c3,[],"[{""id"": ""6c48a"", ""uuid"": ""ed96fcd0-7772-4c93-b039-18041c198adb@6c48a"", ""importer"": ""texture"", ""name"": ""texture"", ""display_name"": ""8"", ""imported"": true, ""files"": ["".json""]}]"
assets/resources/jump/original/res/9.png,original,备用模型纹理,原数字/时钟贴图；原block代码用作钟面,无,不是HUD完整数字字体，不默认绑定,397e8628-1f2a-4724-be6d-c21963b92342,image,docs/参考资料/原始提取包/游戏资源/res/9.png,5093,71f4a24f5e59bcdc52535cc59cbfbad8d232c44cb4f21af10505fffd8437f057,[],"[{""id"": ""6c48a"", ""uuid"": ""397e8628-1f2a-4724-be6d-c21963b92342@6c48a"", ""importer"": ""texture"", ""name"": ""texture"", ""display_name"": ""9"", ""imported"": true, ""files"": ["".json""]}]"
assets/resources/jump/original/res/auth/rank_tip.png,original,范围外素材,原社交/榜单/换装/邀请/活动/授权相关界面资料,无,按核心范围排除，只归档不绑定,8db1b5c1-870a-4272-8d2f-607d4ec7d557,image,docs/参考资料/原始提取包/游戏资源/res/auth/rank_tip.png,2695,2ed2404762c9f93da2311f72424ef12ecaca33b0ab16f105a21961c1d5a04b4d,"[""js/pages/pages2d/gg.js"", ""js/pages/pages2d/rank.js""]","[{""id"": ""6c48a"", ""uuid"": ""8db1b5c1-870a-4272-8d2f-607d4ec7d557@6c48a"", ""importer"": ""texture"", ""name"": ""texture"", ""display_name"": ""rank_tip"", ""imported"": true, ""files"": ["".json""]}]"
assets/resources/jump/original/res/auth/refresh.png,original,范围外素材,原社交/榜单/换装/邀请/活动/授权相关界面资料,无,按核心范围排除，只归档不绑定,3162db1a-52ee-44c7-971e-653cc79fc400,image,docs/参考资料/原始提取包/游戏资源/res/auth/refresh.png,774,2dba32a1ffeee60b272705e003245f35124957107fca4c524589b111ad551c7f,"[""js/pages/pages2d/gg.js"", ""js/pages/pages2d/rank.js""]","[{""id"": ""6c48a"", ""uuid"": ""3162db1a-52ee-44c7-971e-653cc79fc400@6c48a"", ""importer"": ""texture"", ""name"": ""texture"", ""display_name"": ""refresh"", ""imported"": true, ""files"": ["".json""]}]"
assets/resources/jump/original/res/ava.png,original,范围外素材,原社交/榜单/换装/邀请/活动/授权相关界面资料,无,按核心范围排除，只归档不绑定,ad6adfc7-0634-465c-a9c3-179ee6a77859,image,docs/参考资料/原始提取包/游戏资源/res/ava.png,1421,5d804bbc1082c8c241d926c1af0f0c67b60ad0b53b16fe8e6ca5c0b48a2ebb89,"[""js/pages/full2D.js"", ""js/pages/headimgAnimation.js"", ""js/pages/lookers.js"", ""js/pages/pages2d/base.js"", ""js/pages/shareCard.js""]","[{""id"": ""6c48a"", ""uuid"": ""ad6adfc7-0634-465c-a9c3-179ee6a77859@6c48a"", ""importer"": ""texture"", ""name"": ""texture"", ""display_name"": ""ava"", ""imported"": true, ""files"": ["".json""]}]"
assets/resources/jump/original/res/ava_rank.png,original,范围外素材,原社交/榜单/换装/邀请/活动/授权相关界面资料,无,按核心范围排除，只归档不绑定,f1e2aa9a-b2f4-47e2-a4a4-4e927403867b,image,docs/参考资料/原始提取包/游戏资源/res/ava_rank.png,2280,a00dcd1a8754ba1a06353b85d80eb8ad8e8cfb5524fcc403a7173417252d9f41,"[""js/pages/pages2d/gg.js"", ""js/pages/pages2d/msg.js"", ""js/pages/pages2d/rank.js"", ""js/pages/pages2d/shareskin.js""]","[{""id"": ""6c48a"", ""uuid"": ""f1e2aa9a-b2f4-47e2-a4a4-4e927403867b@6c48a"", ""importer"": ""texture"", ""name"": ""texture"", ""display_name"": ""ava_rank"", ""imported"": true, ""files"": ["".json""]}]"
assets/resources/jump/original/res/bag.png,original,备用模型纹理,已嵌入模型：block_15.glb,无,原图用于材质校对；相关备用模型当前不生成,2da2452a-cba1-45d0-af31-4e8426d0f126,image,docs/参考资料/原始提取包/游戏资源/res/bag.png,6549,5a4e5e49062294b4bd96e97c3b48325613e0ac81dca3b6fae82fa53dd8aab54d,"[""js/block.js""]","[{""id"": ""6c48a"", ""uuid"": ""2da2452a-cba1-45d0-af31-4e8426d0f126@6c48a"", ""importer"": ""texture"", ""name"": ""texture"", ""display_name"": ""bag"", ""imported"": true, ""files"": ["".json""]}]"
assets/resources/jump/original/res/bl3.png,original,待确认备用,原包图片，未建立可靠的核心用途映射,无,保留原文件与源码used_by；后续查证，不凭文件名新增功能,24f38893-1c2e-4ae9-b0a9-75e935814f1b,image,docs/参考资料/原始提取包/游戏资源/res/bl3.png,12276,a6acd02b81d6c7c02d1ed8e4b61f49f0a42558ffee52d1e62bd5e21059320a90,"[""js/pages/pages2d/gg.js"", ""js/pages/pages2d/msg.js"", ""js/pages/pages2d/profile.js"", ""js/pages/pages2d/rank.js"", ""js/pages/pages2d/relay.js"", ""js/pages/pages2d/shareskin.js"", ""js/pages/pages2d/skin.js""]","[{""id"": ""6c48a"", ""uuid"": ""24f38893-1c2e-4ae9-b0a9-75e935814f1b@6c48a"", ""importer"": ""texture"", ""name"": ""texture"", ""display_name"": ""bl3"", ""imported"": true, ""files"": ["".json""]}]"
assets/resources/jump/original/res/bottom.png,original,核心模型纹理,原贴图，已嵌入核心GLB：bottle_default.glb,01/04,通常用GLB内嵌Texture子资源；原图供材质校对，避免重复加载,81cf5f27-80d1-4b65-bf70-aa941d994c51,image,docs/参考资料/原始提取包/游戏资源/res/bottom.png,3214,65ded9a4676ab78f9d8fc3b2e92036a0d2389afaac64aee0392b4ae2cbd7c372,"[""js/bottle.js""]","[{""id"": ""6c48a"", ""uuid"": ""81cf5f27-80d1-4b65-bf70-aa941d994c51@6c48a"", ""importer"": ""texture"", ""name"": ""texture"", ""display_name"": ""bottom"", ""imported"": true, ""files"": ["".json""]}]"
assets/resources/jump/original/res/box_bottom.png,original,备用模型纹理,已嵌入模型：block_17.glb,无,原图用于材质校对；相关备用模型当前不生成,d02483c6-30de-4c72-9474-ec3b5f1b9d95,image,docs/参考资料/原始提取包/游戏资源/res/box_bottom.png,435,9cfab72f67a153d13a6ba3dfc30fd0b66a50c8dedf794ad048d4f9723742f0d3,"[""js/block.js""]","[{""id"": ""6c48a"", ""uuid"": ""d02483c6-30de-4c72-9474-ec3b5f1b9d95@6c48a"", ""importer"": ""texture"", ""name"": ""texture"", ""display_name"": ""box_bottom"", ""imported"": true, ""files"": ["".json""]}]"
assets/resources/jump/original/res/box_middle.png,original,备用模型纹理,已嵌入模型：block_17.glb,无,原图用于材质校对；相关备用模型当前不生成,9ad05c18-8595-4e2b-b56c-adf490f44cae,image,docs/参考资料/原始提取包/游戏资源/res/box_middle.png,3680,bf40e304ee7b9ee9a91c705b138bf8a8ca98c2ed3b4fe16d431a832e8f964cc4,"[""js/block.js""]","[{""id"": ""6c48a"", ""uuid"": ""9ad05c18-8595-4e2b-b56c-adf490f44cae@6c48a"", ""importer"": ""texture"", ""name"": ""texture"", ""display_name"": ""box_middle"", ""imported"": true, ""files"": ["".json""]}]"
assets/resources/jump/original/res/box_top.png,original,备用模型纹理,已嵌入模型：block_17.glb,无,原图用于材质校对；相关备用模型当前不生成,f077e95f-2eb3-4a1d-afab-4d510221a4d1,image,docs/参考资料/原始提取包/游戏资源/res/box_top.png,545,59ce775394e8dfa7adb566f5b708307b4d59fc7d92492267c3dde3ca64ca16f6,"[""js/block.js""]","[{""id"": ""6c48a"", ""uuid"": ""f077e95f-2eb3-4a1d-afab-4d510221a4d1@6c48a"", ""importer"": ""texture"", ""name"": ""texture"", ""display_name"": ""box_top"", ""imported"": true, ""files"": ["".json""]}]"
assets/resources/jump/original/res/btn.png,original,备用UI,线框圆角按钮背景,03,备用按钮外观，不直接新增功能,3d9f2b09-2ba5-4e5e-9092-a60b416d24ec,image,docs/参考资料/原始提取包/游戏资源/res/btn.png,2908,2e2a4e3f515ac8978b690f5486de38e3cb7050938b8f046f6ecec4683583759e,[],"[{""id"": ""6c48a"", ""uuid"": ""3d9f2b09-2ba5-4e5e-9092-a60b416d24ec@6c48a"", ""importer"": ""texture"", ""name"": ""texture"", ""display_name"": ""btn"", ""imported"": true, ""files"": ["".json""]}]"
assets/resources/jump/original/res/btn_back.png,original,备用UI,返回按钮外观,03,备用，默认不绑定,6d4deb78-b874-4bc5-b064-b87f5303d98f,image,docs/参考资料/原始提取包/游戏资源/res/btn_back.png,15232,2f40db57d7bfc46cc40d163c11657b5105bcf5f6a5ecf9bf8c00ca1127264763,"[""js/pages/pages2d/pk.js""]","[{""id"": ""6c48a"", ""uuid"": ""6d4deb78-b874-4bc5-b064-b87f5303d98f@6c48a"", ""importer"": ""texture"", ""name"": ""texture"", ""display_name"": ""btn_back"", ""imported"": true, ""files"": ["".json""]}]"
assets/resources/jump/original/res/btn_bg_g.png,original,备用UI,绿色圆角按钮背景,03,备用，默认不绑定,759f1a14-3221-4387-8b8d-b2209b9a3edf,image,docs/参考资料/原始提取包/游戏资源/res/btn_bg_g.png,7321,eb2a8146f56366ec2418185c5d2fba3d4ff980cc18ef41fea3b8d04e27610be3,"[""js/pages/pages2d/pk.js""]","[{""id"": ""6c48a"", ""uuid"": ""759f1a14-3221-4387-8b8d-b2209b9a3edf@6c48a"", ""importer"": ""texture"", ""name"": ""texture"", ""display_name"": ""btn_bg_g"", ""imported"": true, ""files"": ["".json""]}]"
assets/resources/jump/original/res/btn_bg_h.png,original,备用UI,灰色圆角按钮背景,03,备用，默认不绑定,7623c52b-6737-40b7-a069-c47a5d34e876,image,docs/参考资料/原始提取包/游戏资源/res/btn_bg_h.png,2300,1eea5105302067e6d490f9309c212c4a0ecd5942c56aee5985e59ff8e1a08f58,"[""js/pages/pages2d/pk.js""]","[{""id"": ""6c48a"", ""uuid"": ""7623c52b-6737-40b7-a069-c47a5d34e876@6c48a"", ""importer"": ""texture"", ""name"": ""texture"", ""display_name"": ""btn_bg_h"", ""imported"": true, ""files"": ["".json""]}]"
assets/resources/jump/original/res/btn_invite_fri.png,original,范围外素材,原社交/榜单/换装/邀请/活动/授权相关界面资料,无,按核心范围排除，只归档不绑定,242969f0-456c-4053-b6da-eee0b7ca1ed3,image,docs/参考资料/原始提取包/游戏资源/res/btn_invite_fri.png,4775,3010ba246b2638ef4f429f2a009f1b6ae8c626c1a90199348fb4ebec6d54aee2,"[""js/pages/pages2d/relay.js""]","[{""id"": ""6c48a"", ""uuid"": ""242969f0-456c-4053-b6da-eee0b7ca1ed3@6c48a"", ""importer"": ""texture"", ""name"": ""texture"", ""display_name"": ""btn_invite_fri"", ""imported"": true, ""files"": ["".json""]}]"
assets/resources/jump/original/res/btn_iplay.png,original,范围外素材,原社交/榜单/换装/邀请/活动/授权相关界面资料,无,按核心范围排除，只归档不绑定,1b156fb3-43b9-4d6b-bb19-ab0b6ee45c02,image,docs/参考资料/原始提取包/游戏资源/res/btn_iplay.png,12309,11da2869eb507b614bb8ca214bdd74f55af72ea3e45a338d2f0e5253fcfa18ce,"[""js/pages/pages2d/lookers.js""]","[{""id"": ""6c48a"", ""uuid"": ""1b156fb3-43b9-4d6b-bb19-ab0b6ee45c02@6c48a"", ""importer"": ""texture"", ""name"": ""texture"", ""display_name"": ""btn_iplay"", ""imported"": true, ""files"": ["".json""]}]"
assets/resources/jump/original/res/btn_pk_green.png,original,范围外素材,原社交/榜单/换装/邀请/活动/授权相关界面资料,无,按核心范围排除，只归档不绑定,f15cff70-7820-47ca-a90c-a443ab193e10,image,docs/参考资料/原始提取包/游戏资源/res/btn_pk_green.png,3488,cb33923280230a1ae1df56c68de039697bcda41d0ae68c7fcdc484f9f6e72124,[],"[{""id"": ""6c48a"", ""uuid"": ""f15cff70-7820-47ca-a90c-a443ab193e10@6c48a"", ""importer"": ""texture"", ""name"": ""texture"", ""display_name"": ""btn_pk_green"", ""imported"": true, ""files"": ["".json""]}]"
assets/resources/jump/original/res/btn_pk_rewards.png,original,范围外素材,原社交/榜单/换装/邀请/活动/授权相关界面资料,无,按核心范围排除，只归档不绑定,dde347b5-0e07-4d07-b6a2-1a8b64fc5092,image,docs/参考资料/原始提取包/游戏资源/res/btn_pk_rewards.png,8752,0742caf62e7391f7e84b0b50176209015bc543e19319143545a24af7449a8bb3,[],"[{""id"": ""6c48a"", ""uuid"": ""dde347b5-0e07-4d07-b6a2-1a8b64fc5092@6c48a"", ""importer"": ""texture"", ""name"": ""texture"", ""display_name"": ""btn_pk_rewards"", ""imported"": true, ""files"": ["".json""]}]"
assets/resources/jump/original/res/btn_pk_white.png,original,范围外素材,原社交/榜单/换装/邀请/活动/授权相关界面资料,无,按核心范围排除，只归档不绑定,f0888df8-a5bf-4f59-8487-45f43cc3473e,image,docs/参考资料/原始提取包/游戏资源/res/btn_pk_white.png,3594,dcb51589cd9aece1cbf5111309093b96ba73ff84c1dd26159531d2baaa9bce8c,[],"[{""id"": ""6c48a"", ""uuid"": ""f0888df8-a5bf-4f59-8487-45f43cc3473e@6c48a"", ""importer"": ""texture"", ""name"": ""texture"", ""display_name"": ""btn_pk_white"", ""imported"": true, ""files"": ["".json""]}]"
assets/resources/jump/original/res/changlle_share.png,original,范围外素材,原社交/榜单/换装/邀请/活动/授权相关界面资料,无,按核心范围排除，只归档不绑定,4dddf4bf-9b39-4e50-97c1-be987be8ad91,image,docs/参考资料/原始提取包/游戏资源/res/changlle_share.png,28626,0a873bbd566fe1dd3d1434086c538aec5923d43cc4aea12bb6fb260ee91548e9,"[""js/pages/shareCard.js""]","[{""id"": ""6c48a"", ""uuid"": ""4dddf4bf-9b39-4e50-97c1-be987be8ad91@6c48a"", ""importer"": ""texture"", ""name"": ""texture"", ""display_name"": ""changlle_share"", ""imported"": true, ""files"": ["".json""]}]"
assets/resources/jump/original/res/clock.png,original,备用模型纹理,已嵌入模型：block_25.glb,无,原图用于材质校对；相关备用模型当前不生成,b152b651-7e05-4059-96a5-8f780aa38b81,image,docs/参考资料/原始提取包/游戏资源/res/clock.png,1982,8c344ee428b92e3f8c03354127194f8112ccedced91badedeb6837c3e911eb2f,"[""js/block.js""]","[{""id"": ""6c48a"", ""uuid"": ""b152b651-7e05-4059-96a5-8f780aa38b81@6c48a"", ""importer"": ""texture"", ""name"": ""texture"", ""display_name"": ""clock"", ""imported"": true, ""files"": ["".json""]}]"
assets/resources/jump/original/res/close.png,original,待确认备用,原包图片，未建立可靠的核心用途映射,无,保留原文件与源码used_by；后续查证，不凭文件名新增功能,de8d196c-8c4d-4ccd-a622-381cabd149af,image,docs/参考资料/原始提取包/游戏资源/res/close.png,4534,e0f1a6f5f66d93e5fcdf7f33e607dea918a9c37708af7bd9f696025dbaa3be8c,[],"[{""id"": ""6c48a"", ""uuid"": ""de8d196c-8c4d-4ccd-a622-381cabd149af@6c48a"", ""importer"": ""texture"", ""name"": ""texture"", ""display_name"": ""close"", ""imported"": true, ""files"": ["".json""]}]"
assets/resources/jump/original/res/combo1.mp3,original,核心音效,连续中心命中第1级音阶,04,"取min(streak,8)，级别1，每跳唯一事件",eeda8ebc-22e2-411e-8133-7667a3d53d46,audio-clip,docs/参考资料/原始提取包/游戏资源/res/combo1.mp3,21796,49589324c826f62639e8426151b30eec6fa090c40461c1034395a7a080e08e4c,"[""js/config.js""]",[]
assets/resources/jump/original/res/combo2.mp3,original,核心音效,连续中心命中第2级音阶,04,"取min(streak,8)，级别2，每跳唯一事件",3c79a4a7-e544-4ebf-accc-093ff8253c0c,audio-clip,docs/参考资料/原始提取包/游戏资源/res/combo2.mp3,25244,494f5f3bad61e08c1beacc75466297ceb7627f9a6bd55c10d9f4c7198832b303,"[""js/config.js""]",[]
assets/resources/jump/original/res/combo3.mp3,original,核心音效,连续中心命中第3级音阶,04,"取min(streak,8)，级别3，每跳唯一事件",ca30b6fb-3c1e-48eb-bd2c-909b5c8959aa,audio-clip,docs/参考资料/原始提取包/游戏资源/res/combo3.mp3,21483,6bef057164b82527156ae00bc64b9d9799a6a2a91d6daeacb6ffb3f2ecba33bc,"[""js/config.js""]",[]
assets/resources/jump/original/res/combo4.mp3,original,核心音效,连续中心命中第4级音阶,04,"取min(streak,8)，级别4，每跳唯一事件",8953cc65-2629-46c7-9ff5-6a7bc69a4b8a,audio-clip,docs/参考资料/原始提取包/游戏资源/res/combo4.mp3,23363,28c70b43e126f54559880bd9c46aac9f8e9544230470b418f5cef952388429a6,"[""js/config.js""]",[]
assets/resources/jump/original/res/combo5.mp3,original,核心音效,连续中心命中第5级音阶,04,"取min(streak,8)，级别5，每跳唯一事件",3b15e353-ea73-479f-8370-6f93ffb59b56,audio-clip,docs/参考资料/原始提取包/游戏资源/res/combo5.mp3,19748,00d44678f4f003de98e61e7ebb4994d7bcc40f7e690927e82b4fea1e44f19c89,"[""js/config.js""]",[]
assets/resources/jump/original/res/combo6.mp3,original,核心音效,连续中心命中第6级音阶,04,"取min(streak,8)，级别6，每跳唯一事件",865628cb-dedd-4083-a227-c613c99a7f1c,audio-clip,docs/参考资料/原始提取包/游戏资源/res/combo6.mp3,23677,3e011b92903862e854c9581831f72a053c7198cff105b71a809577337ce0a14f,"[""js/config.js""]",[]
assets/resources/jump/original/res/combo7.mp3,original,核心音效,连续中心命中第7级音阶,04,"取min(streak,8)，级别7，每跳唯一事件",d759933a-36b5-4bb8-904c-4abb7da8324d,audio-clip,docs/参考资料/原始提取包/游戏资源/res/combo7.mp3,24304,8f5b4b3f6cd1fafa028325ffe47bc4b882505b8eeecd30a544b266cb34c1f436,"[""js/config.js""]",[]
assets/resources/jump/original/res/combo8.mp3,original,核心音效,连续中心命中第8级音阶,04,"取min(streak,8)，级别8，每跳唯一事件",3453e0ec-de6f-48e6-bc43-57aa4561726c,audio-clip,docs/参考资料/原始提取包/游戏资源/res/combo8.mp3,21483,db974fe5e209135241368c9724fd706bc249f9af78d8b5e49640e855b68ceaee,"[""js/config.js""]",[]
assets/resources/jump/original/res/cylinder_shadow.png,original,核心模型纹理,"原贴图，已嵌入核心GLB：block_03.glb, block_21.glb, block_27.glb, block_28.glb, block_29.glb",01/04,通常用GLB内嵌Texture子资源；原图供材质校对，避免重复加载,85b61189-bfef-41b0-8c37-15ed20e3cb19,image,docs/参考资料/原始提取包/游戏资源/res/cylinder_shadow.png,4908,47b793c14872c13d0b17f12962188166861ef5e9e9269ecc17aff5f3e07e28cb,"[""js/block.js""]","[{""id"": ""6c48a"", ""uuid"": ""85b61189-bfef-41b0-8c37-15ed20e3cb19@6c48a"", ""importer"": ""texture"", ""name"": ""texture"", ""display_name"": ""cylinder_shadow"", ""imported"": true, ""files"": ["".json""]}]"
assets/resources/jump/original/res/defaultBottlePoster.png,original,待确认备用,原包图片，未建立可靠的核心用途映射,无,保留原文件与源码used_by；后续查证，不凭文件名新增功能,e392be87-3ec9-4cb9-8536-f746496a0334,image,docs/参考资料/原始提取包/游戏资源/res/defaultBottlePoster.png,5412,b7610fad8c9c99f775eb2d640c78a52c7663ee1127fe261bc0300bef0f380024,"[""js/pages/bottleShop/bottleShop.js""]","[{""id"": ""6c48a"", ""uuid"": ""e392be87-3ec9-4cb9-8536-f746496a0334@6c48a"", ""importer"": ""texture"", ""name"": ""texture"", ""display_name"": ""defaultBottlePoster"", ""imported"": true, ""files"": ["".json""]}]"
assets/resources/jump/original/res/desk_shadow.png,original,备用模型纹理,"已嵌入模型：block_02.glb, block_07.glb",无,原图用于材质校对；相关备用模型当前不生成,7380abf2-83ef-4427-b5d5-6fb2adfd5b29,image,docs/参考资料/原始提取包/游戏资源/res/desk_shadow.png,6047,2e1d01b3c23c3ed3ff2e2b0adee51f8eaf211c6c65ced12a5261f6da831729bc,"[""js/block.js""]","[{""id"": ""6c48a"", ""uuid"": ""7380abf2-83ef-4427-b5d5-6fb2adfd5b29@6c48a"", ""importer"": ""texture"", ""name"": ""texture"", ""display_name"": ""desk_shadow"", ""imported"": true, ""files"": ["".json""]}]"
assets/resources/jump/original/res/dict.png,original,备用模型纹理,已嵌入模型：block_16.glb,无,原图用于材质校对；相关备用模型当前不生成,da3cedd4-65ab-4cd5-bd4f-52f60c2a4e71,image,docs/参考资料/原始提取包/游戏资源/res/dict.png,2914,61d4bd532847f26f46e274689547dcd770ebe875411d478898fe7edad98c7673,"[""js/block.js""]","[{""id"": ""6c48a"", ""uuid"": ""da3cedd4-65ab-4cd5-bd4f-52f60c2a4e71@6c48a"", ""importer"": ""texture"", ""name"": ""texture"", ""display_name"": ""dict"", ""imported"": true, ""files"": ["".json""]}]"
assets/resources/jump/original/res/disk.png,original,备用模型纹理,已嵌入模型：block_20.glb,无,原图用于材质校对；相关备用模型当前不生成,003067d8-8483-4e5c-9388-1087e81bf224,image,docs/参考资料/原始提取包/游戏资源/res/disk.png,3548,8cb8655337453794b708fb751e4668f84704d6ee337433bde74aac8857b1fc05,"[""js/block.js""]","[{""id"": ""6c48a"", ""uuid"": ""003067d8-8483-4e5c-9388-1087e81bf224@6c48a"", ""importer"": ""texture"", ""name"": ""texture"", ""display_name"": ""disk"", ""imported"": true, ""files"": ["".json""]}]"
assets/resources/jump/original/res/disk_dark.png,original,备用模型纹理,已嵌入模型：block_20.glb,无,原图用于材质校对；相关备用模型当前不生成,35886530-47f1-4165-950e-85aeec1b13b6,image,docs/参考资料/原始提取包/游戏资源/res/disk_dark.png,116,8d55971575bc5932adc2801dc5b8401332b143dcee13517c0af46a795d571c21,"[""js/block.js""]","[{""id"": ""6c48a"", ""uuid"": ""35886530-47f1-4165-950e-85aeec1b13b6@6c48a"", ""importer"": ""texture"", ""name"": ""texture"", ""display_name"": ""disk_dark"", ""imported"": true, ""files"": ["".json""]}]"
assets/resources/jump/original/res/disk_light.png,original,备用模型纹理,已嵌入模型：block_20.glb,无,原图用于材质校对；相关备用模型当前不生成,dc88ef8f-348d-43b0-831e-159e0192f3d9,image,docs/参考资料/原始提取包/游戏资源/res/disk_light.png,537,6db945d649f919502545c3c9f8b74dfc7d1e2ba2e25e6064f395c0ae079b2cd5,"[""js/block.js""]","[{""id"": ""6c48a"", ""uuid"": ""dc88ef8f-348d-43b0-831e-159e0192f3d9@6c48a"", ""importer"": ""texture"", ""name"": ""texture"", ""display_name"": ""disk_light"", ""imported"": true, ""files"": ["".json""]}]"
assets/resources/jump/original/res/door.png,original,备用模型纹理,已嵌入模型：block_24.glb,无,原图用于材质校对；相关备用模型当前不生成,035bdde5-5858-46e1-a3df-db37ca4ba39c,image,docs/参考资料/原始提取包/游戏资源/res/door.png,337,eeeaf36ce92ebb4bed011512453bd11e784e33f6cdc994c31b9909dd204b7ee9,"[""js/block.js""]","[{""id"": ""6c48a"", ""uuid"": ""035bdde5-5858-46e1-a3df-db37ca4ba39c@6c48a"", ""importer"": ""texture"", ""name"": ""texture"", ""display_name"": ""door"", ""imported"": true, ""files"": ["".json""]}]"
assets/resources/jump/original/res/emotion.png,original,备用模型纹理,已嵌入模型：block_10.glb,无,原图用于材质校对；相关备用模型当前不生成,ad0931c5-5caf-4d9f-b6f0-ad9b045bff5f,image,docs/参考资料/原始提取包/游戏资源/res/emotion.png,341,6e628a1ffc840bcbd011491b66993e932c95759ae22da0c54b33fe97fb8288be,"[""js/block.js""]","[{""id"": ""6c48a"", ""uuid"": ""ad0931c5-5caf-4d9f-b6f0-ad9b045bff5f@6c48a"", ""importer"": ""texture"", ""name"": ""texture"", ""display_name"": ""emotion"", ""imported"": true, ""files"": ["".json""]}]"
assets/resources/jump/original/res/express.png,original,备用模型纹理,已嵌入模型：block_18.glb,无,原图用于材质校对；相关备用模型当前不生成,cad2ae68-2ab0-456c-b9ab-989c42ea104c,image,docs/参考资料/原始提取包/游戏资源/res/express.png,2004,27404413d90dd7a9eb678cf2df3cd63da6ed4cb055f2f06645e916fc43d78a81,"[""js/block.js""]","[{""id"": ""6c48a"", ""uuid"": ""cad2ae68-2ab0-456c-b9ab-989c42ea104c@6c48a"", ""importer"": ""texture"", ""name"": ""texture"", ""display_name"": ""express"", ""imported"": true, ""files"": ["".json""]}]"
assets/resources/jump/original/res/fail.png,original,待确认备用,原包图片，未建立可靠的核心用途映射,无,保留原文件与源码used_by；后续查证，不凭文件名新增功能,1b6681f9-727d-4997-9e89-408578b7b2a4,image,docs/参考资料/原始提取包/游戏资源/res/fail.png,547,cf4a9fc05ee014e972b821df9de51f5508bfd7d313df252ff137f0a252841155,"[""js/pages/pages2d/pk.js""]","[{""id"": ""6c48a"", ""uuid"": ""1b6681f9-727d-4997-9e89-408578b7b2a4@6c48a"", ""importer"": ""texture"", ""name"": ""texture"", ""display_name"": ""fail"", ""imported"": true, ""files"": ["".json""]}]"
assets/resources/jump/original/res/fall.mp3,original,核心音效,落空失败反馈,04,每个runId终局最多一次,78ece328-43c5-4470-85d7-6c05addbcee6,audio-clip,docs/参考资料/原始提取包/游戏资源/res/fall.mp3,82591,dd88f9fa2d124a25a6d43c909a6fcaeb9d23a4ce3ea82a9d16c9eba1758b1a7d,"[""js/config.js""]",[]
assets/resources/jump/original/res/fall_2.mp3,original,备用音效,另一失败音，可替换fall试听,04,二选一，禁止同时叠放,92adde30-0e09-456f-a1dd-47fd1e163c6e,audio-clip,docs/参考资料/原始提取包/游戏资源/res/fall_2.mp3,94085,cf1fac414393e7ed55a6d64943040dd049ea9e08a4248e3947bdbd3ec6156bd6,"[""js/config.js""]",[]
assets/resources/jump/original/res/flag.png,original,备用模型纹理,已嵌入模型：block_27.glb,无,原图用于材质校对；相关备用模型当前不生成,a427595d-d89f-4726-a136-4f5126e592c6,image,docs/参考资料/原始提取包/游戏资源/res/flag.png,570,14ddc03777d4aa9e4eb8f337f2736eea385bebacbbe7886a643f0a39af5e7cc5,"[""js/block.js""]","[{""id"": ""6c48a"", ""uuid"": ""a427595d-d89f-4726-a136-4f5126e592c6@6c48a"", ""importer"": ""texture"", ""name"": ""texture"", ""display_name"": ""flag"", ""imported"": true, ""files"": ["".json""]}]"
assets/resources/jump/original/res/flower.png,original,备用特效,彩色粒子图，可用于中心反馈试验,04,默认用简单闪光；需确认alpha/尺寸再使用,71261fa9-2f07-4b31-aaa9-390b36122236,image,docs/参考资料/原始提取包/游戏资源/res/flower.png,5589,6e27004117566345ed4b0762ad680047b3d8653081d90c9244c55723e617e665,"[""js/pages/pages2d/gg.js""]","[{""id"": ""6c48a"", ""uuid"": ""71261fa9-2f07-4b31-aaa9-390b36122236@6c48a"", ""importer"": ""texture"", ""name"": ""texture"", ""display_name"": ""flower"", ""imported"": true, ""files"": ["".json""]}]"
assets/resources/jump/original/res/flower_small.png,original,备用特效,小版彩色粒子图,04,备选粒子贴图，不必须加载,2454db86-8a5e-461f-a67c-b2a51c6d0c4f,image,docs/参考资料/原始提取包/游戏资源/res/flower_small.png,1555,bc0b13fddfb701ccb12e0b366db6b2503fd21daf27383bb33ba0c4167df10861,"[""js/pages/pages2d/pk.js""]","[{""id"": ""6c48a"", ""uuid"": ""2454db86-8a5e-461f-a67c-b2a51c6d0c4f@6c48a"", ""importer"": ""texture"", ""name"": ""texture"", ""display_name"": ""flower_small"", ""imported"": true, ""files"": ["".json""]}]"
assets/resources/jump/original/res/game.png,original,备用模型纹理,已嵌入模型：block_09.glb,无,原图用于材质校对；相关备用模型当前不生成,eb1cf8ee-c288-4984-9143-93b1712edda5,image,docs/参考资料/原始提取包/游戏资源/res/game.png,886,10ed0a31a41307708a93b90aa0eaf4c18356cf1f6df2574f264e96e42bfb54b9,"[""js/block.js""]","[{""id"": ""6c48a"", ""uuid"": ""eb1cf8ee-c288-4984-9143-93b1712edda5@6c48a"", ""importer"": ""texture"", ""name"": ""texture"", ""display_name"": ""game"", ""imported"": true, ""files"": ["".json""]}]"
assets/resources/jump/original/res/gift.png,original,备用模型纹理,已嵌入模型：block_22.glb,无,原图用于材质校对；相关备用模型当前不生成,8e859495-2036-459b-8c10-d4fe3a2c04ec,image,docs/参考资料/原始提取包/游戏资源/res/gift.png,567,3bfca0496bd3462f57e1d7b448da264fcdc9f3617c695ebad1e6f042585095e9,"[""js/block.js""]","[{""id"": ""6c48a"", ""uuid"": ""8e859495-2036-459b-8c10-d4fe3a2c04ec@6c48a"", ""importer"": ""texture"", ""name"": ""texture"", ""display_name"": ""gift"", ""imported"": true, ""files"": ["".json""]}]"
assets/resources/jump/original/res/glow_bag.png,original,待确认备用,原包图片，未建立可靠的核心用途映射,无,保留原文件与源码used_by；后续查证，不凭文件名新增功能,ce275dae-ab5c-4040-a9e6-afc761346778,image,docs/参考资料/原始提取包/游戏资源/res/glow_bag.png,11678,28d5df9b47b459eabc70f18446adcf5080448f3ca622f8319c39414563b40527,"[""js/block.js""]","[{""id"": ""6c48a"", ""uuid"": ""ce275dae-ab5c-4040-a9e6-afc761346778@6c48a"", ""importer"": ""texture"", ""name"": ""texture"", ""display_name"": ""glow_bag"", ""imported"": true, ""files"": ["".json""]}]"
assets/resources/jump/original/res/gold.png,original,待确认备用,原包图片，未建立可靠的核心用途映射,无,保留原文件与源码used_by；后续查证，不凭文件名新增功能,5f5a9801-f3b9-4e40-b82e-3526db48db24,image,docs/参考资料/原始提取包/游戏资源/res/gold.png,4764,59546c3a48ab97a206c4718be06df442debc06b0f4beb0f485b13bc8c9f71a56,[],"[{""id"": ""6c48a"", ""uuid"": ""5f5a9801-f3b9-4e40-b82e-3526db48db24@6c48a"", ""importer"": ""texture"", ""name"": ""texture"", ""display_name"": ""gold"", ""imported"": true, ""files"": ["".json""]}]"
assets/resources/jump/original/res/golf_bottom.png,original,备用模型纹理,已嵌入模型：block_27.glb,无,原图用于材质校对；相关备用模型当前不生成,5372d816-3505-4c75-a100-c149015be341,image,docs/参考资料/原始提取包/游戏资源/res/golf_bottom.png,25449,0b1024a53ba5c4c029a1c0e6765b3b1f48ab322f908458f4d3c99b9fe2f08c6a,"[""js/block.js""]","[{""id"": ""6c48a"", ""uuid"": ""5372d816-3505-4c75-a100-c149015be341@6c48a"", ""importer"": ""texture"", ""name"": ""texture"", ""display_name"": ""golf_bottom"", ""imported"": true, ""files"": ["".json""]}]"
assets/resources/jump/original/res/golf_top.png,original,备用模型纹理,已嵌入模型：block_27.glb,无,原图用于材质校对；相关备用模型当前不生成,b42873b9-64c2-4185-a6f2-b152a2f0fb79,image,docs/参考资料/原始提取包/游戏资源/res/golf_top.png,49710,4fccd88bd14494bb279e7a0894a33ac8cae591a91a3aec947c8c9b91050595e6,"[""js/block.js""]","[{""id"": ""6c48a"", ""uuid"": ""b42873b9-64c2-4185-a6f2-b152a2f0fb79@6c48a"", ""importer"": ""texture"", ""name"": ""texture"", ""display_name"": ""golf_top"", ""imported"": true, ""files"": ["".json""]}]"
assets/resources/jump/original/res/gray.png,original,备用模型纹理,"已嵌入模型：numbered_block_0.glb, numbered_block_1.glb, numbered_block_2.glb, numbered_block_3.glb, numbered_block_4.glb, numbered_block_5.glb, numbered_block_6.glb",无,原图用于材质校对；相关备用模型当前不生成,5c4e4f5e-cf3c-454b-a4fe-62addc488cd4,image,docs/参考资料/原始提取包/游戏资源/res/gray.png,102,06ee412490681202b7efed071f24c9007abba6a6c15a5ba4938db2eecd69f0b6,"[""js/block.js""]","[{""id"": ""6c48a"", ""uuid"": ""5c4e4f5e-cf3c-454b-a4fe-62addc488cd4@6c48a"", ""importer"": ""texture"", ""name"": ""texture"", ""display_name"": ""gray"", ""imported"": true, ""files"": ["".json""]}]"
assets/resources/jump/original/res/green.png,original,待确认备用,原包图片，未建立可靠的核心用途映射,无,保留原文件与源码used_by；后续查证，不凭文件名新增功能,fd9c4f1b-969e-4a74-bdc0-00b39e553edc,image,docs/参考资料/原始提取包/游戏资源/res/green.png,415,32b0b40c46b4d8ac10020873fe164b15e11a8fda74ed82eaf43f3ae3e63f59ec,"[""js/bottle.js""]","[{""id"": ""6c48a"", ""uuid"": ""fd9c4f1b-969e-4a74-bdc0-00b39e553edc@6c48a"", ""importer"": ""texture"", ""name"": ""texture"", ""display_name"": ""green"", ""imported"": true, ""files"": ["".json""]}]"
assets/resources/jump/original/res/green_face.png,original,核心模型纹理,原贴图，已嵌入核心GLB：block_11.glb,01/04,通常用GLB内嵌Texture子资源；原图供材质校对，避免重复加载,3212af8b-dc5d-4377-b760-0736f605f634,image,docs/参考资料/原始提取包/游戏资源/res/green_face.png,469,732f16fb6322cf4ec9a7aef4035075f058cce42286dc8c6d79b4776ef47ceaea,"[""js/block.js""]","[{""id"": ""6c48a"", ""uuid"": ""3212af8b-dc5d-4377-b760-0736f605f634@6c48a"", ""importer"": ""texture"", ""name"": ""texture"", ""display_name"": ""green_face"", ""imported"": true, ""files"": ["".json""]}]"
assets/resources/jump/original/res/green_tri.png,original,待确认备用,原包图片，未建立可靠的核心用途映射,无,保留原文件与源码used_by；后续查证，不凭文件名新增功能,0a1dd9f0-c685-419c-aaec-da7038764bc5,image,docs/参考资料/原始提取包/游戏资源/res/green_tri.png,1305,01f71f9478ad52e6a2d8c7c6c9fb93db8daec5d5e228abdfb835051562eee286,[],"[{""id"": ""6c48a"", ""uuid"": ""0a1dd9f0-c685-419c-aaec-da7038764bc5@6c48a"", ""importer"": ""texture"", ""name"": ""texture"", ""display_name"": ""green_tri"", ""imported"": true, ""files"": ["".json""]}]"
assets/resources/jump/original/res/head.png,original,核心模型纹理,原贴图，已嵌入核心GLB：bottle_default.glb,01/04,通常用GLB内嵌Texture子资源；原图供材质校对，避免重复加载,1f9a5b21-73d9-41b5-a792-6c009282f925,image,docs/参考资料/原始提取包/游戏资源/res/head.png,9174,df9ede9fe63bcc3e8645e7fdf12627c9a1e5259932e1029fd46a93956bd34b32,"[""js/bottle.js""]","[{""id"": ""6c48a"", ""uuid"": ""1f9a5b21-73d9-41b5-a792-6c009282f925@6c48a"", ""importer"": ""texture"", ""name"": ""texture"", ""display_name"": ""head"", ""imported"": true, ""files"": ["".json""]}]"
assets/resources/jump/original/res/high_score.png,original,范围外素材,原社交/榜单/换装/邀请/活动/授权相关界面资料,无,按核心范围排除，只归档不绑定,07ecd9e0-1255-471a-b39e-2ebb9e426035,image,docs/参考资料/原始提取包/游戏资源/res/high_score.png,10534,b0331ab3a0839e7f6ce0cde816d00f6df447e173aea7c67a382e07fddf4f02ec,"[""js/pages/shareCard.js""]","[{""id"": ""6c48a"", ""uuid"": ""07ecd9e0-1255-471a-b39e-2ebb9e426035@6c48a"", ""importer"": ""texture"", ""name"": ""texture"", ""display_name"": ""high_score"", ""imported"": true, ""files"": ["".json""]}]"
assets/resources/jump/original/res/high_score_week.png,original,范围外素材,原社交/榜单/换装/邀请/活动/授权相关界面资料,无,按核心范围排除，只归档不绑定,c2644b1e-e690-4972-98d6-d5639c7532b1,image,docs/参考资料/原始提取包/游戏资源/res/high_score_week.png,4721,f938d0579d5049f6f96177303a6cb027ac3532067ce03dd0080d97f1c0072880,"[""js/pages/shareCard.js""]","[{""id"": ""6c48a"", ""uuid"": ""c2644b1e-e690-4972-98d6-d5639c7532b1@6c48a"", ""importer"": ""texture"", ""name"": ""texture"", ""display_name"": ""high_score_week"", ""imported"": true, ""files"": ["".json""]}]"
assets/resources/jump/original/res/i.png,original,待确认备用,原包图片，未建立可靠的核心用途映射,无,保留原文件与源码used_by；后续查证，不凭文件名新增功能,23854a19-999f-4249-87ef-f8dda298b34f,image,docs/参考资料/原始提取包/游戏资源/res/i.png,4928,a91b25b216c1dccb5d86b9699f73780af516b4c01fbeb86bfddaeced050340a8,"[""js/pages/pages2d/beginner.js""]","[{""id"": ""6c48a"", ""uuid"": ""23854a19-999f-4249-87ef-f8dda298b34f@6c48a"", ""importer"": ""texture"", ""name"": ""texture"", ""display_name"": ""i"", ""imported"": true, ""files"": ["".json""]}]"
assets/resources/jump/original/res/icon.mp3,original,备用音效,原图标反馈参考,无,无核心绑定，具体效果需试听确认,dfbf108a-d6e7-45d3-926f-526cbbf3e69b,audio-clip,docs/参考资料/原始提取包/游戏资源/res/icon.mp3,181856,1f0b850bd92106b6423a7f67a3326536e874fb926c5a388d52d007a25f9eb53b,"[""js/config.js""]",[]
assets/resources/jump/original/res/indoor.png,original,备用模型纹理,已嵌入模型：block_24.glb,无,原图用于材质校对；相关备用模型当前不生成,2f365370-e440-40d7-9949-2c8d6553a27f,image,docs/参考资料/原始提取包/游戏资源/res/indoor.png,3107,e6b08d7c206ec9e478bdc283488bad918e9e11213c443e22232db9620c08cf92,"[""js/block.js""]","[{""id"": ""6c48a"", ""uuid"": ""2f365370-e440-40d7-9949-2c8d6553a27f@6c48a"", ""importer"": ""texture"", ""name"": ""texture"", ""display_name"": ""indoor"", ""imported"": true, ""files"": ["".json""]}]"
assets/resources/jump/original/res/l_arr.png,original,待确认备用,原包图片，未建立可靠的核心用途映射,无,保留原文件与源码used_by；后续查证，不凭文件名新增功能,2f30d4b3-0eec-479f-bcff-72e90edde971,image,docs/参考资料/原始提取包/游戏资源/res/l_arr.png,238,7238cb5a6155dff704454a3c287e8129e375033ef37dc6d9ba2ddff340a42836,"[""js/pages/pages2d/gg.js""]","[{""id"": ""6c48a"", ""uuid"": ""2f30d4b3-0eec-479f-bcff-72e90edde971@6c48a"", ""importer"": ""texture"", ""name"": ""texture"", ""display_name"": ""l_arr"", ""imported"": true, ""files"": ["".json""]}]"
assets/resources/jump/original/res/light.png,original,备用特效,渐变光束，非平台落点/阴影,04,不作为碰撞，默认不绑定,146b9ed9-286a-46c6-b612-7aa9b7926455,image,docs/参考资料/原始提取包/游戏资源/res/light.png,4766,a12c6de9e671c7121880e104815b386d5d58e9642468e0c7e7723bbf95487de8,[],"[{""id"": ""6c48a"", ""uuid"": ""146b9ed9-286a-46c6-b612-7aa9b7926455@6c48a"", ""importer"": ""texture"", ""name"": ""texture"", ""display_name"": ""light"", ""imported"": true, ""files"": ["".json""]}]"
assets/resources/jump/original/res/lookers_btn.png,original,范围外素材,原社交/榜单/换装/邀请/活动/授权相关界面资料,无,按核心范围排除，只归档不绑定,b78071da-a356-4075-be0b-651bc84bb575,image,docs/参考资料/原始提取包/游戏资源/res/lookers_btn.png,18512,1c4c90e68edb4b820ea217daf5ecfd1ae893ac98dd6aafb3a67050bfaeb56abe,"[""js/pages/pages2d/relay.js""]","[{""id"": ""6c48a"", ""uuid"": ""b78071da-a356-4075-be0b-651bc84bb575@6c48a"", ""importer"": ""texture"", ""name"": ""texture"", ""display_name"": ""lookers_btn"", ""imported"": true, ""files"": ["".json""]}]"
assets/resources/jump/original/res/luban.mp3,original,范围外素材,原特殊平台反馈音,无,只保留，不实现停留奖金,9148be31-4b22-4dbd-9ed7-169b12ad54f4,audio-clip,docs/参考资料/原始提取包/游戏资源/res/luban.mp3,102817,5b713840cda85d655660613b5735cabdb5215cbfaa2ddf262e9b8f72bc0d7654,"[""js/config.js""]",[]
assets/resources/jump/original/res/luban.png,original,备用模型纹理,已嵌入模型：block_30.glb,无,原图用于材质校对；相关备用模型当前不生成,59067cd8-4c4e-4952-852b-2bfb25b2d206,image,docs/参考资料/原始提取包/游戏资源/res/luban.png,3299,c9828c06a64e98c11b9775e41fa41da862853d500fd184e446f9b314a5c40eb0,"[""js/block.js""]","[{""id"": ""6c48a"", ""uuid"": ""59067cd8-4c4e-4952-852b-2bfb25b2d206@6c48a"", ""importer"": ""texture"", ""name"": ""texture"", ""display_name"": ""luban"", ""imported"": true, ""files"": ["".json""]}]"
assets/resources/jump/original/res/medicine.png,original,备用模型纹理,已嵌入模型：block_29.glb,无,原图用于材质校对；相关备用模型当前不生成,4379cd5a-51dd-4dfd-b3a4-97c1e1cb119d,image,docs/参考资料/原始提取包/游戏资源/res/medicine.png,1113,6f84ed0749c061e71fa9734c0a0d60a1acd357255a5945d55cddd19e36537c88,"[""js/block.js""]","[{""id"": ""6c48a"", ""uuid"": ""4379cd5a-51dd-4dfd-b3a4-97c1e1cb119d@6c48a"", ""importer"": ""texture"", ""name"": ""texture"", ""display_name"": ""medicine"", ""imported"": true, ""files"": ["".json""]}]"
assets/resources/jump/original/res/middle.png,original,核心模型纹理,原贴图，已嵌入核心GLB：bottle_default.glb,01/04,通常用GLB内嵌Texture子资源；原图供材质校对，避免重复加载,c6306a9e-11d3-4d18-a81e-fbff8476d08d,image,docs/参考资料/原始提取包/游戏资源/res/middle.png,1332,14091fa99c3bb5842b2fbb9109f0126f0cc2c94a029d1f51c2018665e421d559,"[""js/bottle.js""]","[{""id"": ""6c48a"", ""uuid"": ""c6306a9e-11d3-4d18-a81e-fbff8476d08d@6c48a"", ""importer"": ""texture"", ""name"": ""texture"", ""display_name"": ""middle"", ""imported"": true, ""files"": ["".json""]}]"
assets/resources/jump/original/res/middle_1.png,original,待确认备用,原包图片，未建立可靠的核心用途映射,无,保留原文件与源码used_by；后续查证，不凭文件名新增功能,1dd6a5c5-cc70-4e8c-a1af-447a11188d0c,image,docs/参考资料/原始提取包/游戏资源/res/middle_1.png,8506,3ae89aad5d33c98e204d90bd7ff3cd03e39c23a3b51780e411536c8d2f87adc4,[],"[{""id"": ""6c48a"", ""uuid"": ""1dd6a5c5-cc70-4e8c-a1af-447a11188d0c@6c48a"", ""importer"": ""texture"", ""name"": ""texture"", ""display_name"": ""middle_1"", ""imported"": true, ""files"": ["".json""]}]"
assets/resources/jump/original/res/money.png,original,备用模型纹理,已嵌入模型：block_13.glb,无,原图用于材质校对；相关备用模型当前不生成,e8d53e7d-4454-4c37-86be-4e1aab45e568,image,docs/参考资料/原始提取包/游戏资源/res/money.png,673,dd1ea7ec79a3102b718851f59f7d3597567ba7f5625a1b3ac5d1ff625a13e43c,"[""js/block.js""]","[{""id"": ""6c48a"", ""uuid"": ""e8d53e7d-4454-4c37-86be-4e1aab45e568@6c48a"", ""importer"": ""texture"", ""name"": ""texture"", ""display_name"": ""money"", ""imported"": true, ""files"": ["".json""]}]"
assets/resources/jump/original/res/music_icon.png,original,待确认备用,原包图片，未建立可靠的核心用途映射,无,保留原文件与源码used_by；后续查证，不凭文件名新增功能,d9d98360-dc80-484b-a69f-501e153b6363,image,docs/参考资料/原始提取包/游戏资源/res/music_icon.png,423,c13021721e455cdc40a799e21cc09c5cdec35e7b3fd28bcd6f7b7a141b0ef482,"[""js/block.js""]","[{""id"": ""6c48a"", ""uuid"": ""d9d98360-dc80-484b-a69f-501e153b6363@6c48a"", ""importer"": ""texture"", ""name"": ""texture"", ""display_name"": ""music_icon"", ""imported"": true, ""files"": ["".json""]}]"
assets/resources/jump/original/res/music_icon_two.png,original,备用模型纹理,已嵌入模型：block_30.glb,无,原图用于材质校对；相关备用模型当前不生成,65ba8c79-c9f6-4b9e-9e50-5176f22e1b93,image,docs/参考资料/原始提取包/游戏资源/res/music_icon_two.png,628,6fd4fcfe401f92e50ae511f84c7c72380e317455172b50248db242eff4fd7cb1,"[""js/block.js""]","[{""id"": ""6c48a"", ""uuid"": ""65ba8c79-c9f6-4b9e-9e50-5176f22e1b93@6c48a"", ""importer"": ""texture"", ""name"": ""texture"", ""display_name"": ""music_icon_two"", ""imported"": true, ""files"": ["".json""]}]"
assets/resources/jump/original/res/new.png,original,待确认备用,原包图片，未建立可靠的核心用途映射,无,保留原文件与源码used_by；后续查证，不凭文件名新增功能,04b78440-8aa5-4e4f-8b3c-7d46ad8d9c10,image,docs/参考资料/原始提取包/游戏资源/res/new.png,1056,10512f088efc00a48a393673543596a0f94a7bc0582b3cec5b08a99255c5fe58,[],"[{""id"": ""6c48a"", ""uuid"": ""04b78440-8aa5-4e4f-8b3c-7d46ad8d9c10@6c48a"", ""importer"": ""texture"", ""name"": ""texture"", ""display_name"": ""new"", ""imported"": true, ""files"": ["".json""]}]"
assets/resources/jump/original/res/noplay.png,original,待确认备用,原包图片，未建立可靠的核心用途映射,无,保留原文件与源码used_by；后续查证，不凭文件名新增功能,39c0f976-1147-4282-8941-6b3c40e49f99,image,docs/参考资料/原始提取包/游戏资源/res/noplay.png,29392,f53d5d40a6d1270c0ec1e6d76c75c86a73b72da0b8043093bac63fd4ffcb4ba1,"[""js/pages/pages2d/gg.js""]","[{""id"": ""6c48a"", ""uuid"": ""39c0f976-1147-4282-8941-6b3c40e49f99@6c48a"", ""importer"": ""texture"", ""name"": ""texture"", ""display_name"": ""noplay"", ""imported"": true, ""files"": ["".json""]}]"
assets/resources/jump/original/res/num.ttf,original,核心字体,原版数字字体；99个字形，不能假定中文覆盖,03,数字 Label 字体，中文用系统字体,01d88a36-84f7-4cda-8ab3-9b5f0c66b63e,ttf-font,docs/参考资料/原始提取包/游戏资源/res/num.ttf,6548,feb570ad109f1610daa8e19df7b38f9a29578fbbc1f21b3873300eba286f5f45,"[""js/pages/full2D.js"", ""js/pages/pages2d/base.js"", ""js/pages/shareCard.js""]",[]
assets/resources/jump/original/res/number.png,original,备用模型纹理,"已嵌入模型：numbered_block_0.glb, numbered_block_1.glb, numbered_block_2.glb, numbered_block_3.glb, numbered_block_4.glb, numbered_block_5.glb, numbered_block_6.glb",无,原图用于材质校对；相关备用模型当前不生成,f258e37f-ade5-4f8e-ba2c-b9f7132d2169,image,docs/参考资料/原始提取包/游戏资源/res/number.png,6871,008e7ca79f0b4740087eae2bf6d24fea8442b0997e40ae1c80340f3371eade35,"[""js/block.js""]","[{""id"": ""6c48a"", ""uuid"": ""f258e37f-ade5-4f8e-ba2c-b9f7132d2169@6c48a"", ""importer"": ""texture"", ""name"": ""texture"", ""display_name"": ""number"", ""imported"": true, ""files"": ["".json""]}]"
assets/resources/jump/original/res/observShare.png,original,范围外素材,原社交/榜单/换装/邀请/活动/授权相关界面资料,无,按核心范围排除，只归档不绑定,c820ab99-3610-4949-8485-8b42a57fe8d4,image,docs/参考资料/原始提取包/游戏资源/res/observShare.png,425,562e89679077afcfd27d4a0bfb6df6418b80e6a0a72ad3b45f04256f77c12bf5,"[""js/pages/lookers.js""]","[{""id"": ""6c48a"", ""uuid"": ""c820ab99-3610-4949-8485-8b42a57fe8d4@6c48a"", ""importer"": ""texture"", ""name"": ""texture"", ""display_name"": ""observShare"", ""imported"": true, ""files"": ["".json""]}]"
assets/resources/jump/original/res/paper_bottom.png,original,备用模型纹理,已嵌入模型：block_28.glb,无,原图用于材质校对；相关备用模型当前不生成,65e75939-fd78-46c1-85ae-4444eaea35f0,image,docs/参考资料/原始提取包/游戏资源/res/paper_bottom.png,3032,2e5be2fe0ef083060cc5b70713b7723fa98a0e5b6f2089a692fcd3cb84cdd083,"[""js/block.js""]","[{""id"": ""6c48a"", ""uuid"": ""65e75939-fd78-46c1-85ae-4444eaea35f0@6c48a"", ""importer"": ""texture"", ""name"": ""texture"", ""display_name"": ""paper_bottom"", ""imported"": true, ""files"": ["".json""]}]"
assets/resources/jump/original/res/paper_top.png,original,备用模型纹理,已嵌入模型：block_28.glb,无,原图用于材质校对；相关备用模型当前不生成,90911585-3189-4fc7-8fcd-056cde71aada,image,docs/参考资料/原始提取包/游戏资源/res/paper_top.png,4028,6c73e1dcbb64df398b9282323b123916cb7cd42b2f4a966f32828b4c3b32f1f0,"[""js/block.js""]","[{""id"": ""6c48a"", ""uuid"": ""90911585-3189-4fc7-8fcd-056cde71aada@6c48a"", ""importer"": ""texture"", ""name"": ""texture"", ""display_name"": ""paper_top"", ""imported"": true, ""files"": ["".json""]}]"
assets/resources/jump/original/res/papper_bottom.png,original,待确认备用,原包图片，未建立可靠的核心用途映射,无,保留原文件与源码used_by；后续查证，不凭文件名新增功能,4417240f-4ef7-40b5-a4f1-142c9f1aabd2,image,docs/参考资料/原始提取包/游戏资源/res/papper_bottom.png,5186,6c3a28ab883bc1f18904fab25d5f5135430f622e7468ee71c28da4149a924c27,[],"[{""id"": ""6c48a"", ""uuid"": ""4417240f-4ef7-40b5-a4f1-142c9f1aabd2@6c48a"", ""importer"": ""texture"", ""name"": ""texture"", ""display_name"": ""papper_bottom"", ""imported"": true, ""files"": ["".json""]}]"
assets/resources/jump/original/res/perfect.mp3,original,备用音效,中心命中备用音，默认采用combo音阶,04,试听后择一，不叠放,86b01f1c-3c75-4eaf-970a-577848f6bfe0,audio-clip,docs/参考资料/原始提取包/游戏资源/res/perfect.mp3,12120,f91ae8cfde6d374eec95a97a396ffa5722fe17312b6926e47ad233999c692774,"[""js/config.js""]",[]
assets/resources/jump/original/res/play.png,original,核心UI,首页开始游戏按钮，图片已含图标文字,03,HomeView Button 正常态 Sprite；不重复叠字,c3a92e65-4a32-463f-889c-18a99cac83c8,image,docs/参考资料/原始提取包/游戏资源/res/play.png,30200,b0358143d4637419ac2462dec1942be1965415fdaae90a709e3e2671cc18f469,"[""js/pages/full2D.js"", ""js/pages/pages2d/relay.js"", ""js/pages/pages2d/start.js""]","[{""id"": ""6c48a"", ""uuid"": ""c3a92e65-4a32-463f-889c-18a99cac83c8@6c48a"", ""importer"": ""texture"", ""name"": ""texture"", ""display_name"": ""play"", ""imported"": true, ""files"": ["".json""]}]"
assets/resources/jump/original/res/point.png,original,备用模型纹理,已嵌入模型：block_25.glb,无,原图用于材质校对；相关备用模型当前不生成,c0f0f09c-1b86-41a5-9d58-12de4bafe2af,image,docs/参考资料/原始提取包/游戏资源/res/point.png,574,b7fa9d9a0f334306002a78f7fe703f4a50fa77198e4b35df7c757e9a901c26cc,"[""js/block.js""]","[{""id"": ""6c48a"", ""uuid"": ""c0f0f09c-1b86-41a5-9d58-12de4bafe2af@6c48a"", ""importer"": ""texture"", ""name"": ""texture"", ""display_name"": ""point"", ""imported"": true, ""files"": ["".json""]}]"
assets/resources/jump/original/res/pop.mp3,original,备用音效,轻反馈音备选；本次可作为UI点击候选,04,需要实际试听确认，默认不必须,40e85f0b-33a4-44a1-98b3-3da109febb09,audio-clip,docs/参考资料/原始提取包/游戏资源/res/pop.mp3,5642,8dd873e705d4287034a1824d151a34072c3db3b42c96574680f415344d4840bd,"[""js/config.js""]",[]
assets/resources/jump/original/res/progress2.png,original,待确认备用,原包图片，未建立可靠的核心用途映射,无,保留原文件与源码used_by；后续查证，不凭文件名新增功能,9b0739be-660b-422d-a92f-2d1e822eb143,image,docs/参考资料/原始提取包/游戏资源/res/progress2.png,5723,ba5c8d674236f16d935c05e2a239ec3a41595efbd63545eb5dde41930220f8aa,"[""js/pages/headimgAnimation.js""]","[{""id"": ""6c48a"", ""uuid"": ""9b0739be-660b-422d-a92f-2d1e822eb143@6c48a"", ""importer"": ""texture"", ""name"": ""texture"", ""display_name"": ""progress2"", ""imported"": true, ""files"": ["".json""]}]"
assets/resources/jump/original/res/pure_share.png,original,范围外素材,原社交/榜单/换装/邀请/活动/授权相关界面资料,无,按核心范围排除，只归档不绑定,01bf7db3-94d2-4369-a164-25014330a4b2,image,docs/参考资料/原始提取包/游戏资源/res/pure_share.png,795,29e74868dcab6ba921750971200628bf5cecf262c3be72ad20775be3684a12c5,"[""js/pages/pages2d/gg.js""]","[{""id"": ""6c48a"", ""uuid"": ""01bf7db3-94d2-4369-a164-25014330a4b2@6c48a"", ""importer"": ""texture"", ""name"": ""texture"", ""display_name"": ""pure_share"", ""imported"": true, ""files"": ["".json""]}]"
assets/resources/jump/original/res/qr.png,original,范围外素材,原社交/榜单/换装/邀请/活动/授权相关界面资料,无,按核心范围排除，只归档不绑定,ce1b0f25-3fb2-4866-b825-8e8869a80b67,image,docs/参考资料/原始提取包/游戏资源/res/qr.png,29739,2aae76bf0f0af64d7d92ca2891e9ed6b7470fed05128a34c230d31d8ba5fd723,"[""js/pages/pages2d/relay.js""]","[{""id"": ""6c48a"", ""uuid"": ""ce1b0f25-3fb2-4866-b825-8e8869a80b67@6c48a"", ""importer"": ""texture"", ""name"": ""texture"", ""display_name"": ""qr"", ""imported"": true, ""files"": ["".json""]}]"
assets/resources/jump/original/res/r_arr.png,original,待确认备用,原包图片，未建立可靠的核心用途映射,无,保留原文件与源码used_by；后续查证，不凭文件名新增功能,c5a828b7-3d27-48db-83cb-f709d5d9cc5f,image,docs/参考资料/原始提取包/游戏资源/res/r_arr.png,267,7cdcfae6b59431ad060a2269e497d75976e3156c958c76e638b7fe7b18db9edc,"[""js/pages/pages2d/gg.js"", ""js/pages/pages2d/pk.js"", ""js/pages/pages2d/relay.js"", ""js/pages/pages2d/start.js"", ""js/pages/pages2d/verify.js""]","[{""id"": ""6c48a"", ""uuid"": ""c5a828b7-3d27-48db-83cb-f709d5d9cc5f@6c48a"", ""importer"": ""texture"", ""name"": ""texture"", ""display_name"": ""r_arr"", ""imported"": true, ""files"": ["".json""]}]"
assets/resources/jump/original/res/r_arr1.png,original,待确认备用,原包图片，未建立可靠的核心用途映射,无,保留原文件与源码used_by；后续查证，不凭文件名新增功能,d6eb9ee7-c912-4913-843d-92463bda3044,image,docs/参考资料/原始提取包/游戏资源/res/r_arr1.png,283,e2de006eaf5245b2bf22001be70985ca496aef6b54af8426985be43ee1ad8661,"[""js/pages/pages2d/gg.js""]","[{""id"": ""6c48a"", ""uuid"": ""d6eb9ee7-c912-4913-843d-92463bda3044@6c48a"", ""importer"": ""texture"", ""name"": ""texture"", ""display_name"": ""r_arr1"", ""imported"": true, ""files"": ["".json""]}]"
assets/resources/jump/original/res/race_block.png,original,范围外素材,原社交/榜单/换装/邀请/活动/授权相关界面资料,无,按核心范围排除，只归档不绑定,a6c13cda-0999-4b5f-b715-d0e16c4c6bb7,image,docs/参考资料/原始提取包/游戏资源/res/race_block.png,22069,d401764447f29410d9d33160c076c3f3ef5839d6f35743aff4320aa3d75763e9,[],"[{""id"": ""6c48a"", ""uuid"": ""a6c13cda-0999-4b5f-b715-d0e16c4c6bb7@6c48a"", ""importer"": ""texture"", ""name"": ""texture"", ""display_name"": ""race_block"", ""imported"": true, ""files"": ["".json""]}]"
assets/resources/jump/original/res/race_icon.png,original,范围外素材,原社交/榜单/换装/邀请/活动/授权相关界面资料,无,按核心范围排除，只归档不绑定,9f9390d1-f750-4ca0-a409-dc725eba2beb,image,docs/参考资料/原始提取包/游戏资源/res/race_icon.png,10071,11e627b58f18de69490b73e9275f923ce1dd136f3134016fd03539acfa1d50d8,[],"[{""id"": ""6c48a"", ""uuid"": ""9f9390d1-f750-4ca0-a409-dc725eba2beb@6c48a"", ""importer"": ""texture"", ""name"": ""texture"", ""display_name"": ""race_icon"", ""imported"": true, ""files"": ["".json""]}]"
assets/resources/jump/original/res/race_icon2.png,original,范围外素材,原社交/榜单/换装/邀请/活动/授权相关界面资料,无,按核心范围排除，只归档不绑定,87008603-fd0f-4e9b-a5bc-c214154e8840,image,docs/参考资料/原始提取包/游戏资源/res/race_icon2.png,15520,45df39776f8e7f5b52f47a27f693e83f84bb8abacedb8f6967865d4309af67eb,[],"[{""id"": ""6c48a"", ""uuid"": ""87008603-fd0f-4e9b-a5bc-c214154e8840@6c48a"", ""importer"": ""texture"", ""name"": ""texture"", ""display_name"": ""race_icon2"", ""imported"": true, ""files"": ["".json""]}]"
assets/resources/jump/original/res/rank.png,original,范围外素材,原社交/榜单/换装/邀请/活动/授权相关界面资料,无,按核心范围排除，只归档不绑定,bad52767-124f-4f2f-99b9-92c2ac4d6304,image,docs/参考资料/原始提取包/游戏资源/res/rank.png,978,339fe2d6ab93fa36cc9da27318a8834c1588b964e7bce7522d1f30d91bd4fbe1,[],"[{""id"": ""6c48a"", ""uuid"": ""bad52767-124f-4f2f-99b9-92c2ac4d6304@6c48a"", ""importer"": ""texture"", ""name"": ""texture"", ""display_name"": ""rank"", ""imported"": true, ""files"": ["".json""]}]"
assets/resources/jump/original/res/record.png,original,备用模型纹理,已嵌入模型：block_19.glb,无,原图用于材质校对；相关备用模型当前不生成,6fe97493-e84c-468b-9dac-29b6c419be81,image,docs/参考资料/原始提取包/游戏资源/res/record.png,9594,87c0afe2b0ce0340be0f38cb58af2a8e5a51acc5eb138e813f93cfa149e9827a,"[""js/block.js""]","[{""id"": ""6c48a"", ""uuid"": ""6fe97493-e84c-468b-9dac-29b6c419be81@6c48a"", ""importer"": ""texture"", ""name"": ""texture"", ""display_name"": ""record"", ""imported"": true, ""files"": ["".json""]}]"
assets/resources/jump/original/res/relax.mp3,original,范围外素材,原特殊平台反馈音,无,只保留，不实现减分特殊平台,7d640067-7a4d-4246-b0ea-52c5c04be825,audio-clip,docs/参考资料/原始提取包/游戏资源/res/relax.mp3,96862,54a657afafda9281c4316f578577c4a29373312d984135d76e6835d4e914ee51,"[""js/config.js""]",[]
assets/resources/jump/original/res/relax_back.png,original,备用模型纹理,已嵌入模型：block_32.glb,无,原图用于材质校对；相关备用模型当前不生成,b2463257-34fc-4b9a-a331-8cc232874dc3,image,docs/参考资料/原始提取包/游戏资源/res/relax_back.png,324,0ae68463c4823ae79cc656737e9521f5cf2fb604c5c35638027c1965f75829a1,"[""js/block.js""]","[{""id"": ""6c48a"", ""uuid"": ""b2463257-34fc-4b9a-a331-8cc232874dc3@6c48a"", ""importer"": ""texture"", ""name"": ""texture"", ""display_name"": ""relax_back"", ""imported"": true, ""files"": ["".json""]}]"
assets/resources/jump/original/res/relax_front.png,original,备用模型纹理,已嵌入模型：block_32.glb,无,原图用于材质校对；相关备用模型当前不生成,92442c06-766a-441e-b73d-8f48be436c5a,image,docs/参考资料/原始提取包/游戏资源/res/relax_front.png,784,071f714cec389aa2686c78a63134c1f98c81699383d077f550f5be88d42dd8b9,"[""js/block.js""]","[{""id"": ""6c48a"", ""uuid"": ""92442c06-766a-441e-b73d-8f48be436c5a@6c48a"", ""importer"": ""texture"", ""name"": ""texture"", ""display_name"": ""relax_front"", ""imported"": true, ""files"": ["".json""]}]"
assets/resources/jump/original/res/relay_return.png,original,范围外素材,原社交/榜单/换装/邀请/活动/授权相关界面资料,无,按核心范围排除，只归档不绑定,530478c8-b59e-493b-8fd1-e0a54f1b1a48,image,docs/参考资料/原始提取包/游戏资源/res/relay_return.png,10106,63f14dc1ba580da10ab0e83fa881335b506127b6491ca6379c18ba1c613e3282,"[""js/pages/pages2d/relay.js""]","[{""id"": ""6c48a"", ""uuid"": ""530478c8-b59e-493b-8fd1-e0a54f1b1a48@6c48a"", ""importer"": ""texture"", ""name"": ""texture"", ""display_name"": ""relay_return"", ""imported"": true, ""files"": ["".json""]}]"
assets/resources/jump/original/res/relay_start.png,original,范围外素材,原社交/榜单/换装/邀请/活动/授权相关界面资料,无,按核心范围排除，只归档不绑定,efdba8c1-9172-405f-9549-8bb20d66e1f6,image,docs/参考资料/原始提取包/游戏资源/res/relay_start.png,8162,077f56c93141a86ce8a483da95f2567079c1d97473dd23958b96e0597f421d11,[],"[{""id"": ""6c48a"", ""uuid"": ""efdba8c1-9172-405f-9549-8bb20d66e1f6@6c48a"", ""importer"": ""texture"", ""name"": ""texture"", ""display_name"": ""relay_start"", ""imported"": true, ""files"": ["".json""]}]"
assets/resources/jump/original/res/replay.png,original,核心UI,结算再玩一局按钮，图片已含图标文字,03,GameOverView Button，绑定重开,8acc6864-5bc5-4ad5-9647-21741fca5129,image,docs/参考资料/原始提取包/游戏资源/res/replay.png,27450,f147a35c1bd92c77111af3fe1a1e741772e5d740a909a2f8949a1ac3064ab555,"[""js/pages/full2D.js"", ""js/pages/pages2d/gg.js""]","[{""id"": ""6c48a"", ""uuid"": ""8acc6864-5bc5-4ad5-9647-21741fca5129@6c48a"", ""importer"": ""texture"", ""name"": ""texture"", ""display_name"": ""replay"", ""imported"": true, ""files"": ["".json""]}]"
assets/resources/jump/original/res/right_arr_g.png,original,待确认备用,原包图片，未建立可靠的核心用途映射,无,保留原文件与源码used_by；后续查证，不凭文件名新增功能,dcc7f267-7a85-49aa-84f3-f6ccaa2f4aca,image,docs/参考资料/原始提取包/游戏资源/res/right_arr_g.png,352,8f2bfe50577baa5c8c755e630a39f91af81034c65328488067ad87647a1b072c,[],"[{""id"": ""6c48a"", ""uuid"": ""dcc7f267-7a85-49aa-84f3-f6ccaa2f4aca@6c48a"", ""importer"": ""texture"", ""name"": ""texture"", ""display_name"": ""right_arr_g"", ""imported"": true, ""files"": ["".json""]}]"
assets/resources/jump/original/res/ring.png,original,待确认备用,原包图片，未建立可靠的核心用途映射,无,保留原文件与源码used_by；后续查证，不凭文件名新增功能,af708e2e-59f5-40ce-9bb4-87f4d2c5ee1c,image,docs/参考资料/原始提取包/游戏资源/res/ring.png,915,d36172b963ec2f0764aedb40b5c79034feb79b731ac9d2abfd8ee40b25f7f564,"[""js/pages/pages2d/pk.js""]","[{""id"": ""6c48a"", ""uuid"": ""af708e2e-59f5-40ce-9bb4-87f4d2c5ee1c@6c48a"", ""importer"": ""texture"", ""name"": ""texture"", ""display_name"": ""ring"", ""imported"": true, ""files"": ["".json""]}]"
assets/resources/jump/original/res/scale_intro.mp3,original,核心音效,蓄力开始，结束后接loop,04,AudioAdapter，cancel/release/pause必停,ae527b47-4679-42f7-9e79-796768ca89a5,audio-clip,docs/参考资料/原始提取包/游戏资源/res/scale_intro.mp3,41713,a961e0876add3725b96bd981ed05019e01f025b4413a5344b96f808d0bcc9a02,"[""js/config.js""]",[]
assets/resources/jump/original/res/scale_loop.mp3,original,核心音效,持续蓄力循环,04,AudioAdapter，仅charging状态loop,a5a885f8-478d-40b6-b801-806791d2a65f,audio-clip,docs/参考资料/原始提取包/游戏资源/res/scale_loop.mp3,26701,cfe08940a1a7158b9eeff02493cafde341c70da3aeed3390627579360e47e188,"[""js/config.js""]",[]
assets/resources/jump/original/res/second_door.png,original,备用模型纹理,已嵌入模型：block_24.glb,无,原图用于材质校对；相关备用模型当前不生成,818d5836-5170-48c7-82e0-74fc150ff2bd,image,docs/参考资料/原始提取包/游戏资源/res/second_door.png,354,562770ea7cda73d2e2f8b55a60be2425dedf3577279080bff8b5ac41e8bacb2c,"[""js/block.js""]","[{""id"": ""6c48a"", ""uuid"": ""818d5836-5170-48c7-82e0-74fc150ff2bd@6c48a"", ""importer"": ""texture"", ""name"": ""texture"", ""display_name"": ""second_door"", ""imported"": true, ""files"": ["".json""]}]"
assets/resources/jump/original/res/shadow.png,original,核心模型纹理,"原贴图，已嵌入核心GLB：block_00.glb, block_01.glb, block_04.glb, block_05.glb, block_06.glb, block_08.glb, block_09.glb, block_10.glb, block_11.glb, block_12.glb, block_13.glb, block_14.glb, block_15.glb, block_16.glb, block_17.glb, block_18.glb, block_19.glb, block_20.glb, block_22.glb, block_24.glb, block_25.glb, block_26.glb, block_30.glb, block_31.glb, block_32.glb, block_33.glb, block_34.glb, block_35.glb, numbered_block_0.glb, numbered_block_1.glb, numbered_block_2.glb, numbered_block_3.glb, numbered_block_4.glb, numbered_block_5.glb, numbered_block_6.glb",01/04,通常用GLB内嵌Texture子资源；原图供材质校对，避免重复加载,92f792d5-bb67-40ea-95fd-5eb7b94d4564,image,docs/参考资料/原始提取包/游戏资源/res/shadow.png,2858,88d7aac6dee05cdde78933e3c154eb6b3501e5fd2d133ad7892e0f82b556f7dc,"[""js/block.js""]","[{""id"": ""6c48a"", ""uuid"": ""92f792d5-bb67-40ea-95fd-5eb7b94d4564@6c48a"", ""importer"": ""texture"", ""name"": ""texture"", ""display_name"": ""shadow"", ""imported"": true, ""files"": ["".json""]}]"
assets/resources/jump/original/res/sing.mp3,original,范围外素材,原音乐特殊平台的循环音,无,只保留，不实现停留奖金/特殊音乐平台,73b70c11-21d9-4fb2-b226-efd85676eda0,audio-clip,docs/参考资料/原始提取包/游戏资源/res/sing.mp3,175229,0a80a94f3ae238cb6799a489f0d62aa1115c4a8a495e5583fc29c7eb6e16e2e2,"[""js/config.js""]",[]
assets/resources/jump/original/res/sing.png,original,备用模型纹理,已嵌入模型：block_19.glb,无,原图用于材质校对；相关备用模型当前不生成,b1cfc55f-fb9c-4dab-83e1-c4480fee1b4d,image,docs/参考资料/原始提取包/游戏资源/res/sing.png,42668,a146e1326c774b44e1d3655c8f0c7a97ff109f2aa56a2cbefc6b0da10280f453,"[""js/block.js""]","[{""id"": ""6c48a"", ""uuid"": ""b1cfc55f-fb9c-4dab-83e1-c4480fee1b4d@6c48a"", ""importer"": ""texture"", ""name"": ""texture"", ""display_name"": ""sing"", ""imported"": true, ""files"": ["".json""]}]"
assets/resources/jump/original/res/start.mp3,original,核心音效,进入/重开新局提示；原代码restart对应此文件,04,首次手势后播放，避免旧runId重播,de3a6294-51ec-4a6d-be14-37a6013ff4ea,audio-clip,docs/参考资料/原始提取包/游戏资源/res/start.mp3,94085,d5e98a9dbf6205954bbeabd8e3b9d3b7e232f6bc2c8a0612ad49f138ad4eb15c,"[""js/config.js""]",[]
assets/resources/jump/original/res/stool.png,original,备用模型纹理,已嵌入模型：block_23.glb,无,原图用于材质校对；相关备用模型当前不生成,918d6fad-586d-4107-9d10-e4d33ef5aa6b,image,docs/参考资料/原始提取包/游戏资源/res/stool.png,67450,83e131ca97739d51d710de95c38fef463d063c935c9d117256364abeaf3bb0a8,"[""js/block.js""]","[{""id"": ""6c48a"", ""uuid"": ""918d6fad-586d-4107-9d10-e4d33ef5aa6b@6c48a"", ""importer"": ""texture"", ""name"": ""texture"", ""display_name"": ""stool"", ""imported"": true, ""files"": ["".json""]}]"
assets/resources/jump/original/res/stool_shadow.png,original,备用模型纹理,已嵌入模型：block_23.glb,无,原图用于材质校对；相关备用模型当前不生成,e4ce0d36-9d0f-4662-bde1-cfa8ac3226df,image,docs/参考资料/原始提取包/游戏资源/res/stool_shadow.png,401,0e2fb3c7f5b905752057e5b7dadece7337b79841f8b6830c9608ca2f61fb76c1,"[""js/block.js""]","[{""id"": ""6c48a"", ""uuid"": ""e4ce0d36-9d0f-4662-bde1-cfa8ac3226df@6c48a"", ""importer"": ""texture"", ""name"": ""texture"", ""display_name"": ""stool_shadow"", ""imported"": true, ""files"": ["".json""]}]"
assets/resources/jump/original/res/store_bottom.png,original,备用模型纹理,已嵌入模型：block_24.glb,无,原图用于材质校对；相关备用模型当前不生成,93bdc549-6f19-4b32-be02-2e66dad37f0f,image,docs/参考资料/原始提取包/游戏资源/res/store_bottom.png,1184,58661a31bfef2a48fb4fd517b42e67b647007c3959f2a319a06d066e56f9cb6f,"[""js/block.js""]","[{""id"": ""6c48a"", ""uuid"": ""93bdc549-6f19-4b32-be02-2e66dad37f0f@6c48a"", ""importer"": ""texture"", ""name"": ""texture"", ""display_name"": ""store_bottom"", ""imported"": true, ""files"": ["".json""]}]"
assets/resources/jump/original/res/store_top.png,original,备用模型纹理,已嵌入模型：block_24.glb,无,原图用于材质校对；相关备用模型当前不生成,11682ba8-1b90-4427-8024-13390a5dd36e,image,docs/参考资料/原始提取包/游戏资源/res/store_top.png,1706,76f2312b2a5f6d451ff80854703eac6dab04e2f1b8082aa400b10cfa93350976,"[""js/block.js""]","[{""id"": ""6c48a"", ""uuid"": ""11682ba8-1b90-4427-8024-13390a5dd36e@6c48a"", ""importer"": ""texture"", ""name"": ""texture"", ""display_name"": ""store_top"", ""imported"": true, ""files"": ["".json""]}]"
assets/resources/jump/original/res/stripe.png,original,备用模型纹理,"已嵌入模型：block_25.glb, block_29.glb",无,原图用于材质校对；相关备用模型当前不生成,2cdf16b7-1f04-4111-b4a8-ebd71bc2b364,image,docs/参考资料/原始提取包/游戏资源/res/stripe.png,93,68679ca79fcc565814a01b647523e836d09d7f6715f8356159d287a7b89f3bda,"[""js/block.js""]","[{""id"": ""6c48a"", ""uuid"": ""2cdf16b7-1f04-4111-b4a8-ebd71bc2b364@6c48a"", ""importer"": ""texture"", ""name"": ""texture"", ""display_name"": ""stripe"", ""imported"": true, ""files"": ["".json""]}]"
assets/resources/jump/original/res/suc.png,original,待确认备用,原包图片，未建立可靠的核心用途映射,无,保留原文件与源码used_by；后续查证，不凭文件名新增功能,f42b5d8c-4518-403b-b80d-d52e6d6b266d,image,docs/参考资料/原始提取包/游戏资源/res/suc.png,678,8210c9ec6d3420f503e2e9a453e683fc3931d4f9ddd1760eb856c9d66405016c,"[""js/pages/pages2d/pk.js""]","[{""id"": ""6c48a"", ""uuid"": ""f42b5d8c-4518-403b-b80d-d52e6d6b266d@6c48a"", ""importer"": ""texture"", ""name"": ""texture"", ""display_name"": ""suc"", ""imported"": true, ""files"": ["".json""]}]"
assets/resources/jump/original/res/success.mp3,original,核心音效,普通命中目标平台,04,每个jumpId最多播放一次,1b669383-9226-4f51-a97a-9ce07c4ac5a1,audio-clip,docs/参考资料/原始提取包/游戏资源/res/success.mp3,41840,125524afcd1009b1c856dea3c113d0f0d6cd58133923b95424be822a124e9c72,"[""js/config.js""]",[]
assets/resources/jump/original/res/tired.png,original,待确认备用,原包图片，未建立可靠的核心用途映射,无,保留原文件与源码used_by；后续查证，不凭文件名新增功能,8f196389-d863-4580-aceb-e46b16223ca2,image,docs/参考资料/原始提取包/游戏资源/res/tired.png,46723,ae68677cd8c6e3303513995af1e908064236bf1e19352c1a2d9cb4ff92e0c481,"[""js/pages/pages2d/gg.js""]","[{""id"": ""6c48a"", ""uuid"": ""8f196389-d863-4580-aceb-e46b16223ca2@6c48a"", ""importer"": ""texture"", ""name"": ""texture"", ""display_name"": ""tired"", ""imported"": true, ""files"": ["".json""]}]"
assets/resources/jump/original/res/tit.png,original,备用模型纹理,已嵌入模型：block_14.glb,无,原图用于材质校对；相关备用模型当前不生成,be2fc152-30f9-4f0e-bf00-b693fe14c669,image,docs/参考资料/原始提取包/游戏资源/res/tit.png,74985,909f36927ee407f1ee76587da57198c86ff300fbdf29c47135eac516ebf59ea7,"[""js/block.js""]","[{""id"": ""6c48a"", ""uuid"": ""be2fc152-30f9-4f0e-bf00-b693fe14c669@6c48a"", ""importer"": ""texture"", ""name"": ""texture"", ""display_name"": ""tit"", ""imported"": true, ""files"": ["".json""]}]"
assets/resources/jump/original/res/title.png,original,核心UI,首页白色跳一跳标题,03,HomeView 标题 Sprite，保持比例,67d653c9-06fa-4561-970a-429090761435,image,docs/参考资料/原始提取包/游戏资源/res/title.png,21702,d1c2d7b0aff101fcedf5662921cd86499a9fbd6c074be43a72140c48cd181b52,"[""js/pages/pages2d/start.js""]","[{""id"": ""6c48a"", ""uuid"": ""67d653c9-06fa-4561-970a-429090761435@6c48a"", ""importer"": ""texture"", ""name"": ""texture"", ""display_name"": ""title"", ""imported"": true, ""files"": ["".json""]}]"
assets/resources/jump/original/res/top.png,original,待确认备用,原包图片，未建立可靠的核心用途映射,无,保留原文件与源码used_by；后续查证，不凭文件名新增功能,b5139ce8-9a10-4183-bf81-3f20025adc15,image,docs/参考资料/原始提取包/游戏资源/res/top.png,1332,14091fa99c3bb5842b2fbb9109f0126f0cc2c94a029d1f51c2018665e421d559,[],"[{""id"": ""6c48a"", ""uuid"": ""b5139ce8-9a10-4183-bf81-3f20025adc15@6c48a"", ""importer"": ""texture"", ""name"": ""texture"", ""display_name"": ""top"", ""imported"": true, ""files"": ["".json""]}]"
assets/resources/jump/original/res/turn.mp3,original,备用音效,方向/动作音备选,04,默认不绑定，不要求转向操作,120488d6-57d0-495a-b1f8-fc64fee6fdf5,audio-clip,docs/参考资料/原始提取包/游戏资源/res/turn.mp3,86802,61db681bfb6f3b322f6c8a4ee5f824e7220ec0e48aaff349a41756dde60aa9f6,"[""js/pages/headimgAnimation.js""]",[]
assets/resources/jump/original/res/wechat_close.png,original,备用模型纹理,已嵌入模型：block_31.glb,无,原图用于材质校对；相关备用模型当前不生成,5d3508ab-1be8-4780-9940-b62d7069517b,image,docs/参考资料/原始提取包/游戏资源/res/wechat_close.png,1563,a76e9509b0cf959efbe25430bd3d6306a9bc10c9594ef4e4daf4ddf7bb17caa7,"[""js/block.js""]","[{""id"": ""6c48a"", ""uuid"": ""5d3508ab-1be8-4780-9940-b62d7069517b@6c48a"", ""importer"": ""texture"", ""name"": ""texture"", ""display_name"": ""wechat_close"", ""imported"": true, ""files"": ["".json""]}]"
assets/resources/jump/original/res/wechat_door.png,original,待确认备用,原包图片，未建立可靠的核心用途映射,无,保留原文件与源码used_by；后续查证，不凭文件名新增功能,d5ab33e9-595d-4c4c-91e4-40ecd6ca55e9,image,docs/参考资料/原始提取包/游戏资源/res/wechat_door.png,116,b6ababa0c229a16681ac272d3f80ec4576591711247b824e426ef8d9f9b83396,"[""js/block.js""]","[{""id"": ""6c48a"", ""uuid"": ""d5ab33e9-595d-4c4c-91e4-40ecd6ca55e9@6c48a"", ""importer"": ""texture"", ""name"": ""texture"", ""display_name"": ""wechat_door"", ""imported"": true, ""files"": ["".json""]}]"
assets/resources/jump/original/res/wechat_glow_logo.png,original,待确认备用,原包图片，未建立可靠的核心用途映射,无,保留原文件与源码used_by；后续查证，不凭文件名新增功能,570d3a04-e3d4-4868-ad6e-e13923393fb5,image,docs/参考资料/原始提取包/游戏资源/res/wechat_glow_logo.png,1434,f29541f223d10783bbbfa304881586ecb6335a52c3e9364fd2f39b99f46c580d,"[""js/block.js""]","[{""id"": ""6c48a"", ""uuid"": ""570d3a04-e3d4-4868-ad6e-e13923393fb5@6c48a"", ""importer"": ""texture"", ""name"": ""texture"", ""display_name"": ""wechat_glow_logo"", ""imported"": true, ""files"": ["".json""]}]"
assets/resources/jump/original/res/wechat_glow_top.png,original,待确认备用,原包图片，未建立可靠的核心用途映射,无,保留原文件与源码used_by；后续查证，不凭文件名新增功能,28dbd1bc-9960-466c-88d2-9a9388fbbbe2,image,docs/参考资料/原始提取包/游戏资源/res/wechat_glow_top.png,2683,ca4442d74722bad3fc769198bb24d7c815b24d99a6b8d5f170e0340b0673bc92,"[""js/block.js""]","[{""id"": ""6c48a"", ""uuid"": ""28dbd1bc-9960-466c-88d2-9a9388fbbbe2@6c48a"", ""importer"": ""texture"", ""name"": ""texture"", ""display_name"": ""wechat_glow_top"", ""imported"": true, ""files"": ["".json""]}]"
assets/resources/jump/original/res/wechat_logo.png,original,备用模型纹理,已嵌入模型：block_31.glb,无,原图用于材质校对；相关备用模型当前不生成,32f60dcf-c7b2-4fa4-94fc-c4948df389d8,image,docs/参考资料/原始提取包/游戏资源/res/wechat_logo.png,547,6358346a3c27b9428509b56fcdd014453584777d50e8a8bca84891ab84720dc9,"[""js/block.js"", ""js/config.js""]","[{""id"": ""6c48a"", ""uuid"": ""32f60dcf-c7b2-4fa4-94fc-c4948df389d8@6c48a"", ""importer"": ""texture"", ""name"": ""texture"", ""display_name"": ""wechat_logo"", ""imported"": true, ""files"": ["".json""]}]"
assets/resources/jump/original/res/wechat_open.png,original,待确认备用,原包图片，未建立可靠的核心用途映射,无,保留原文件与源码used_by；后续查证，不凭文件名新增功能,8a995234-f8a6-469e-a7f7-e7b9c33d04ed,image,docs/参考资料/原始提取包/游戏资源/res/wechat_open.png,16524,7a50d5cdf1c43d498d13d65cfb97812b5fe9ef5f1ba7a1a54411e4cee01d9292,"[""js/block.js""]","[{""id"": ""6c48a"", ""uuid"": ""8a995234-f8a6-469e-a7f7-e7b9c33d04ed@6c48a"", ""importer"": ""texture"", ""name"": ""texture"", ""display_name"": ""wechat_open"", ""imported"": true, ""files"": ["".json""]}]"
assets/resources/jump/original/res/wechat_pay.mp3,original,范围外素材,原微信支付平台表现音,无,只保留，不做支付/红包/特殊平台,3dce9ad4-5f50-4fbb-b332-19c72f7c55a6,audio-clip,docs/参考资料/原始提取包/游戏资源/res/wechat_pay.mp3,78576,94cf847767b2e9adceee7bb12cfd31a9dc96ff96d94e326db055ddd8b30126f5,"[""js/config.js""]",[]
assets/resources/jump/original/res/wechat_second_door.png,original,待确认备用,原包图片，未建立可靠的核心用途映射,无,保留原文件与源码used_by；后续查证，不凭文件名新增功能,9d831b7b-82e2-4c9a-b421-b6d8243dd94b,image,docs/参考资料/原始提取包/游戏资源/res/wechat_second_door.png,112,6bf961627a59141ccc1c5a459381116b16de33ca2b3b7de5a84605c141e52a9f,"[""js/block.js""]","[{""id"": ""6c48a"", ""uuid"": ""9d831b7b-82e2-4c9a-b421-b6d8243dd94b@6c48a"", ""importer"": ""texture"", ""name"": ""texture"", ""display_name"": ""wechat_second_door"", ""imported"": true, ""files"": ["".json""]}]"
assets/resources/jump/original/res/wechat_top.png,original,备用模型纹理,已嵌入模型：block_31.glb,无,原图用于材质校对；相关备用模型当前不生成,f0a7f010-cf85-46c7-b836-5d17c358baf6,image,docs/参考资料/原始提取包/游戏资源/res/wechat_top.png,2740,71c45697014cf9aeaf0049203decc7c9c20c86534153d0af8936dd01fb235a43,"[""js/block.js""]","[{""id"": ""6c48a"", ""uuid"": ""f0a7f010-cf85-46c7-b836-5d17c358baf6@6c48a"", ""importer"": ""texture"", ""name"": ""texture"", ""display_name"": ""wechat_top"", ""imported"": true, ""files"": ["".json""]}]"
assets/resources/jump/original/res/well.png,original,备用模型纹理,已嵌入模型：block_26.glb,无,原图用于材质校对；相关备用模型当前不生成,cdfedf78-caf0-4223-aca1-c1c2f3ba701c,image,docs/参考资料/原始提取包/游戏资源/res/well.png,83571,08b3f019e6fa051facf8a38700c63cc7099f73d91173c49255378b2ee1bc21b0,"[""js/block.js""]","[{""id"": ""6c48a"", ""uuid"": ""cdfedf78-caf0-4223-aca1-c1c2f3ba701c@6c48a"", ""importer"": ""texture"", ""name"": ""texture"", ""display_name"": ""well"", ""imported"": true, ""files"": ["".json""]}]"
assets/resources/jump/original/res/westore.png,original,备用模型纹理,已嵌入模型：block_21.glb,无,原图用于材质校对；相关备用模型当前不生成,f61e2f43-130d-43a5-86f4-157c4b7178ac,image,docs/参考资料/原始提取包/游戏资源/res/westore.png,2318,8adf43dae7fb4796e88b8733b97115c76229336397a6c270ba165dfb97f044b9,"[""js/block.js""]","[{""id"": ""6c48a"", ""uuid"": ""f61e2f43-130d-43a5-86f4-157c4b7178ac@6c48a"", ""importer"": ""texture"", ""name"": ""texture"", ""display_name"": ""westore"", ""imported"": true, ""files"": ["".json""]}]"
assets/resources/jump/original/res/westore_desk.png,original,备用模型纹理,已嵌入模型：block_21.glb,无,原图用于材质校对；相关备用模型当前不生成,2d6452d0-d18e-4038-ba0e-1eaebf705aa5,image,docs/参考资料/原始提取包/游戏资源/res/westore_desk.png,1925,9ead18b68b62a3af26852144f9048f8c75125a55a46c1d232d24cf98c9c36b4c,"[""js/block.js""]","[{""id"": ""6c48a"", ""uuid"": ""2d6452d0-d18e-4038-ba0e-1eaebf705aa5@6c48a"", ""importer"": ""texture"", ""name"": ""texture"", ""display_name"": ""westore_desk"", ""imported"": true, ""files"": ["".json""]}]"
assets/resources/jump/original/res/white.png,original,待确认备用,原包图片，未建立可靠的核心用途映射,无,保留原文件与源码used_by；后续查证，不凭文件名新增功能,e0843d24-0d48-42ae-80f9-c1cb5c78d782,image,docs/参考资料/原始提取包/游戏资源/res/white.png,427,b14ef4acebd03aed62afccf31d5ba32d9fdd65b09d9496ab71b8bcb6f64ed424,"[""js/bottle.js""]","[{""id"": ""6c48a"", ""uuid"": ""e0843d24-0d48-42ae-80f9-c1cb5c78d782@6c48a"", ""importer"": ""texture"", ""name"": ""texture"", ""display_name"": ""white"", ""imported"": true, ""files"": ["".json""]}]"
assets/resources/jump/original/res/white_face.png,original,核心模型纹理,原贴图，已嵌入核心GLB：block_12.glb,01/04,通常用GLB内嵌Texture子资源；原图供材质校对，避免重复加载,08e00940-a1c7-439a-923e-1e813154dd92,image,docs/参考资料/原始提取包/游戏资源/res/white_face.png,1747,2d28f923285181121456b636bc23a7e638b24877ea0df2a3046d0fe1e08962db,"[""js/block.js""]","[{""id"": ""6c48a"", ""uuid"": ""08e00940-a1c7-439a-923e-1e813154dd92@6c48a"", ""importer"": ""texture"", ""name"": ""texture"", ""display_name"": ""white_face"", ""imported"": true, ""files"": ["".json""]}]"
assets/resources/jump/original/res/yellow_tri.png,original,待确认备用,原包图片，未建立可靠的核心用途映射,无,保留原文件与源码used_by；后续查证，不凭文件名新增功能,36cb1085-e961-438c-82a0-895cf477dc41,image,docs/参考资料/原始提取包/游戏资源/res/yellow_tri.png,1264,e82e4c6a7086dbbca2f00d875dc2633f46c35a4e53b05ce9054f0487f18603e8,[],"[{""id"": ""6c48a"", ""uuid"": ""36cb1085-e961-438c-82a0-895cf477dc41@6c48a"", ""importer"": ""texture"", ""name"": ""texture"", ""display_name"": ""yellow_tri"", ""imported"": true, ""files"": ["".json""]}]"
assets/resources/jump/original/res/邀请加号.png,original,范围外素材,原社交/榜单/换装/邀请/活动/授权相关界面资料,无,按核心范围排除，只归档不绑定,7675f00c-cb14-4505-9923-f453a56046ea,image,docs/参考资料/原始提取包/游戏资源/res/邀请加号.png,255,a8901fb06b67a24fab97959cd1dda46c3310e0fe20a8bc2be4ba44f7f49ea10e,[],"[{""id"": ""6c48a"", ""uuid"": ""7675f00c-cb14-4505-9923-f453a56046ea@6c48a"", ""importer"": ""texture"", ""name"": ""texture"", ""display_name"": ""邀请加号"", ""imported"": true, ""files"": ["".json""]}]"
assets/resources/jump/derived/models/accessory_hat.glb,derived-model,范围外素材,原角色配饰；本次无皮肤/换装,无,保留静态模型，不绑定角色,d29a06fc-b6ca-4a95-8ae7-c446a3b3cd4a,gltf,docs/参考资料/原始提取包/派生模型/accessory_hat.glb,27476,bfa000f60fb86c7e4cee9f120759ecee6fe382dc4b69662fcb3a4df2593fa16f,"""""","[{""id"": ""85634"", ""uuid"": ""d29a06fc-b6ca-4a95-8ae7-c446a3b3cd4a@85634"", ""importer"": ""gltf-scene"", ""name"": ""accessory_hat.prefab"", ""display_name"": """", ""imported"": true, ""files"": ["".json""]}, {""id"": ""ce205"", ""uuid"": ""d29a06fc-b6ca-4a95-8ae7-c446a3b3cd4a@ce205"", ""importer"": ""gltf-mesh"", ""name"": ""CylinderGeometry-0.mesh"", ""display_name"": """", ""imported"": true, ""files"": ["".bin"", "".json""]}, {""id"": ""2a176"", ""uuid"": ""d29a06fc-b6ca-4a95-8ae7-c446a3b3cd4a@2a176"", ""importer"": ""gltf-mesh"", ""name"": ""CylinderGeometry-1.mesh"", ""display_name"": """", ""imported"": true, ""files"": ["".bin"", "".json""]}, {""id"": ""1cfb1"", ""uuid"": ""d29a06fc-b6ca-4a95-8ae7-c446a3b3cd4a@1cfb1"", ""importer"": ""gltf-mesh"", ""name"": ""CylinderGeometry-2.mesh"", ""display_name"": """", ""imported"": true, ""files"": ["".bin"", "".json""]}, {""id"": ""9c65f"", ""uuid"": ""d29a06fc-b6ca-4a95-8ae7-c446a3b3cd4a@9c65f"", ""importer"": ""gltf-material"", ""name"": ""MeshLambertMaterial-0.material"", ""display_name"": """", ""imported"": true, ""files"": ["".json""]}, {""id"": ""fdb1e"", ""uuid"": ""d29a06fc-b6ca-4a95-8ae7-c446a3b3cd4a@fdb1e"", ""importer"": ""gltf-material"", ""name"": ""MeshLambertMaterial-1.material"", ""display_name"": """", ""imported"": true, ""files"": ["".json""]}]"
assets/resources/jump/derived/models/accessory_scarf.glb,derived-model,范围外素材,原角色配饰；本次无皮肤/换装,无,保留静态模型，不绑定角色,8cbc1ed3-bed7-4f40-97e1-44d17c1c9555,gltf,docs/参考资料/原始提取包/派生模型/accessory_scarf.glb,15036,db331e424f07bb9c4d8284a9dc18455e2dca97f584f7bc6562719dc9e9eef0c1,"""""","[{""id"": ""ce205"", ""uuid"": ""8cbc1ed3-bed7-4f40-97e1-44d17c1c9555@ce205"", ""importer"": ""gltf-mesh"", ""name"": ""CylinderGeometry-0.mesh"", ""display_name"": """", ""imported"": true, ""files"": ["".bin"", "".json""]}, {""id"": ""2a176"", ""uuid"": ""8cbc1ed3-bed7-4f40-97e1-44d17c1c9555@2a176"", ""importer"": ""gltf-mesh"", ""name"": ""CylinderGeometry-1.mesh"", ""display_name"": """", ""imported"": true, ""files"": ["".bin"", "".json""]}, {""id"": ""49baf"", ""uuid"": ""8cbc1ed3-bed7-4f40-97e1-44d17c1c9555@49baf"", ""importer"": ""gltf-mesh"", ""name"": ""RingGeometry-2.mesh"", ""display_name"": """", ""imported"": true, ""files"": ["".bin"", "".json""]}, {""id"": ""1c5bc"", ""uuid"": ""8cbc1ed3-bed7-4f40-97e1-44d17c1c9555@1c5bc"", ""importer"": ""gltf-mesh"", ""name"": ""BoxGeometry-3.mesh"", ""display_name"": """", ""imported"": true, ""files"": ["".bin"", "".json""]}, {""id"": ""9c65f"", ""uuid"": ""8cbc1ed3-bed7-4f40-97e1-44d17c1c9555@9c65f"", ""importer"": ""gltf-material"", ""name"": ""MeshLambertMaterial-0.material"", ""display_name"": """", ""imported"": true, ""files"": ["".json""]}, {""id"": ""fdb1e"", ""uuid"": ""8cbc1ed3-bed7-4f40-97e1-44d17c1c9555@fdb1e"", ""importer"": ""gltf-material"", ""name"": ""MeshLambertMaterial-1.material"", ""display_name"": """", ""imported"": true, ""files"": ["".json""]}, {""id"": ""b079c"", ""uuid"": ""8cbc1ed3-bed7-4f40-97e1-44d17c1c9555@b079c"", ""importer"": ""gltf-scene"", ""name"": ""accessory_scarf.prefab"", ""display_name"": """", ""imported"": true, ""files"": ["".json""]}]"
assets/resources/jump/derived/models/block_00.glb,derived-model,核心模型,普通矩形平台，id=0，无特殊奖励,01/02,Platform包装Prefab；台面由PlatformSpec定义,984582c7-891d-49c8-b00a-0e3245e92568,gltf,docs/参考资料/原始提取包/派生模型/block_00.glb,9880,3ed746a838ea3b6a8dca04493dcde44c1319a6c0b7e4fcc98d8cbdf1b30ace50,"""""","[{""id"": ""31e6c"", ""uuid"": ""984582c7-891d-49c8-b00a-0e3245e92568@31e6c"", ""importer"": ""gltf-mesh"", ""name"": ""PlaneGeometry.mesh"", ""display_name"": """", ""imported"": true, ""files"": ["".bin"", "".json""]}, {""id"": ""823c7"", ""uuid"": ""984582c7-891d-49c8-b00a-0e3245e92568@823c7"", ""importer"": ""gltf-mesh"", ""name"": ""hitObj.mesh"", ""display_name"": """", ""imported"": true, ""files"": ["".bin"", "".json""]}, {""id"": ""58b04"", ""uuid"": ""984582c7-891d-49c8-b00a-0e3245e92568@58b04"", ""importer"": ""gltf-embeded-image"", ""name"": ""res/shadow.png.image"", ""display_name"": """", ""imported"": true, ""files"": ["".json"", "".png""]}, {""id"": ""e39f7"", ""uuid"": ""984582c7-891d-49c8-b00a-0e3245e92568@e39f7"", ""importer"": ""texture"", ""name"": ""UnnamedTexture.texture"", ""display_name"": """", ""imported"": true, ""files"": ["".json""]}, {""id"": ""80a7d"", ""uuid"": ""984582c7-891d-49c8-b00a-0e3245e92568@80a7d"", ""importer"": ""gltf-material"", ""name"": ""MeshBasicMaterial-0.material"", ""display_name"": """", ""imported"": true, ""files"": ["".json""]}, {""id"": ""fdb1e"", ""uuid"": ""984582c7-891d-49c8-b00a-0e3245e92568@fdb1e"", ""importer"": ""gltf-material"", ""name"": ""MeshLambertMaterial-1.material"", ""display_name"": """", ""imported"": true, ""files"": ["".json""]}, {""id"": ""39e74"", ""uuid"": ""984582c7-891d-49c8-b00a-0e3245e92568@39e74"", ""importer"": ""gltf-material"", ""name"": ""MeshLambertMaterial-2.material"", ""display_name"": """", ""imported"": true, ""files"": ["".json""]}, {""id"": ""7ba73"", ""uuid"": ""984582c7-891d-49c8-b00a-0e3245e92568@7ba73"", ""importer"": ""gltf-scene"", ""name"": ""block_00.prefab"", ""display_name"": """", ""imported"": true, ""files"": ["".json""]}]"
assets/resources/jump/derived/models/block_01.glb,derived-model,核心模型,普通矩形平台，id=1，无特殊奖励,01/02,Platform包装Prefab；台面由PlatformSpec定义,cb4c5963-ac74-4702-b035-68b8a050709f,gltf,docs/参考资料/原始提取包/派生模型/block_01.glb,12244,bbd48205456c9d0611a0dba3ce80147b5eb191cdbbc9006380893d10ee2d6663,"""""","[{""id"": ""31e6c"", ""uuid"": ""cb4c5963-ac74-4702-b035-68b8a050709f@31e6c"", ""importer"": ""gltf-mesh"", ""name"": ""PlaneGeometry.mesh"", ""display_name"": """", ""imported"": true, ""files"": ["".bin"", "".json""]}, {""id"": ""823c7"", ""uuid"": ""cb4c5963-ac74-4702-b035-68b8a050709f@823c7"", ""importer"": ""gltf-mesh"", ""name"": ""hitObj.mesh"", ""display_name"": """", ""imported"": true, ""files"": ["".bin"", "".json""]}, {""id"": ""58b04"", ""uuid"": ""cb4c5963-ac74-4702-b035-68b8a050709f@58b04"", ""importer"": ""gltf-embeded-image"", ""name"": ""res/shadow.png.image"", ""display_name"": """", ""imported"": true, ""files"": ["".json"", "".png""]}, {""id"": ""e39f7"", ""uuid"": ""cb4c5963-ac74-4702-b035-68b8a050709f@e39f7"", ""importer"": ""texture"", ""name"": ""UnnamedTexture.texture"", ""display_name"": """", ""imported"": true, ""files"": ["".json""]}, {""id"": ""80a7d"", ""uuid"": ""cb4c5963-ac74-4702-b035-68b8a050709f@80a7d"", ""importer"": ""gltf-material"", ""name"": ""MeshBasicMaterial-0.material"", ""display_name"": """", ""imported"": true, ""files"": ["".json""]}, {""id"": ""fdb1e"", ""uuid"": ""cb4c5963-ac74-4702-b035-68b8a050709f@fdb1e"", ""importer"": ""gltf-material"", ""name"": ""MeshLambertMaterial-1.material"", ""display_name"": """", ""imported"": true, ""files"": ["".json""]}, {""id"": ""39e74"", ""uuid"": ""cb4c5963-ac74-4702-b035-68b8a050709f@39e74"", ""importer"": ""gltf-material"", ""name"": ""MeshLambertMaterial-2.material"", ""display_name"": """", ""imported"": true, ""files"": ["".json""]}, {""id"": ""6fac2"", ""uuid"": ""cb4c5963-ac74-4702-b035-68b8a050709f@6fac2"", ""importer"": ""gltf-scene"", ""name"": ""block_01.prefab"", ""display_name"": """", ""imported"": true, ""files"": ["".json""]}]"
assets/resources/jump/derived/models/block_02.glb,derived-model,备用模型,原平台id=2，高度/结构/奖励与核心台不同或未纳入白名单,无,只保留，不启用特殊平台行为,fa0e0ca4-8359-40fa-aa10-dce4bee7930f,gltf,docs/参考资料/原始提取包/派生模型/block_02.glb,50572,5eb1f9e1ced6adfe82f2994e7f2b2958599dbf26b690496eb89358e6656133f6,"""""","[{""id"": ""31e6c"", ""uuid"": ""fa0e0ca4-8359-40fa-aa10-dce4bee7930f@31e6c"", ""importer"": ""gltf-mesh"", ""name"": ""PlaneGeometry.mesh"", ""display_name"": """", ""imported"": true, ""files"": ["".bin"", "".json""]}, {""id"": ""00125"", ""uuid"": ""fa0e0ca4-8359-40fa-aa10-dce4bee7930f@00125"", ""importer"": ""gltf-mesh"", ""name"": ""CylinderGeometry.mesh"", ""display_name"": """", ""imported"": true, ""files"": ["".bin"", "".json""]}, {""id"": ""823c7"", ""uuid"": ""fa0e0ca4-8359-40fa-aa10-dce4bee7930f@823c7"", ""importer"": ""gltf-mesh"", ""name"": ""hitObj.mesh"", ""display_name"": """", ""imported"": true, ""files"": ["".bin"", "".json""]}, {""id"": ""bbd4a"", ""uuid"": ""fa0e0ca4-8359-40fa-aa10-dce4bee7930f@bbd4a"", ""importer"": ""gltf-embeded-image"", ""name"": ""res/desk_shadow.png.image"", ""display_name"": """", ""imported"": true, ""files"": ["".json"", "".png""]}, {""id"": ""e39f7"", ""uuid"": ""fa0e0ca4-8359-40fa-aa10-dce4bee7930f@e39f7"", ""importer"": ""texture"", ""name"": ""UnnamedTexture.texture"", ""display_name"": """", ""imported"": true, ""files"": ["".json""]}, {""id"": ""80a7d"", ""uuid"": ""fa0e0ca4-8359-40fa-aa10-dce4bee7930f@80a7d"", ""importer"": ""gltf-material"", ""name"": ""MeshBasicMaterial-0.material"", ""display_name"": """", ""imported"": true, ""files"": ["".json""]}, {""id"": ""fdb1e"", ""uuid"": ""fa0e0ca4-8359-40fa-aa10-dce4bee7930f@fdb1e"", ""importer"": ""gltf-material"", ""name"": ""MeshLambertMaterial-1.material"", ""display_name"": """", ""imported"": true, ""files"": ["".json""]}, {""id"": ""39e74"", ""uuid"": ""fa0e0ca4-8359-40fa-aa10-dce4bee7930f@39e74"", ""importer"": ""gltf-material"", ""name"": ""MeshLambertMaterial-2.material"", ""display_name"": """", ""imported"": true, ""files"": ["".json""]}, {""id"": ""4cdfb"", ""uuid"": ""fa0e0ca4-8359-40fa-aa10-dce4bee7930f@4cdfb"", ""importer"": ""gltf-scene"", ""name"": ""block_02.prefab"", ""display_name"": """", ""imported"": true, ""files"": ["".json""]}]"
assets/resources/jump/derived/models/block_03.glb,derived-model,核心模型,普通圆形平台，id=3，无特殊奖励,01/02,Platform包装Prefab；台面由PlatformSpec定义,3a2f4ece-0823-4319-9248-618dd7243aab,gltf,docs/参考资料/原始提取包/派生模型/block_03.glb,53548,a60b9e985687806dee49a3cebda625be3245abb53fb0f7fc63dd6cb35a840a40,"""""","[{""id"": ""31e6c"", ""uuid"": ""3a2f4ece-0823-4319-9248-618dd7243aab@31e6c"", ""importer"": ""gltf-mesh"", ""name"": ""PlaneGeometry.mesh"", ""display_name"": """", ""imported"": true, ""files"": ["".bin"", "".json""]}, {""id"": ""823c7"", ""uuid"": ""3a2f4ece-0823-4319-9248-618dd7243aab@823c7"", ""importer"": ""gltf-mesh"", ""name"": ""hitObj.mesh"", ""display_name"": """", ""imported"": true, ""files"": ["".bin"", "".json""]}, {""id"": ""f867c"", ""uuid"": ""3a2f4ece-0823-4319-9248-618dd7243aab@f867c"", ""importer"": ""gltf-embeded-image"", ""name"": ""res/cylinder_shadow.png.image"", ""display_name"": """", ""imported"": true, ""files"": ["".json"", "".png""]}, {""id"": ""e39f7"", ""uuid"": ""3a2f4ece-0823-4319-9248-618dd7243aab@e39f7"", ""importer"": ""texture"", ""name"": ""UnnamedTexture.texture"", ""display_name"": """", ""imported"": true, ""files"": ["".json""]}, {""id"": ""80a7d"", ""uuid"": ""3a2f4ece-0823-4319-9248-618dd7243aab@80a7d"", ""importer"": ""gltf-material"", ""name"": ""MeshBasicMaterial-0.material"", ""display_name"": """", ""imported"": true, ""files"": ["".json""]}, {""id"": ""fdb1e"", ""uuid"": ""3a2f4ece-0823-4319-9248-618dd7243aab@fdb1e"", ""importer"": ""gltf-material"", ""name"": ""MeshLambertMaterial-1.material"", ""display_name"": """", ""imported"": true, ""files"": ["".json""]}, {""id"": ""39e74"", ""uuid"": ""3a2f4ece-0823-4319-9248-618dd7243aab@39e74"", ""importer"": ""gltf-material"", ""name"": ""MeshLambertMaterial-2.material"", ""display_name"": """", ""imported"": true, ""files"": ["".json""]}, {""id"": ""0063d"", ""uuid"": ""3a2f4ece-0823-4319-9248-618dd7243aab@0063d"", ""importer"": ""gltf-material"", ""name"": ""MeshLambertMaterial-3.material"", ""display_name"": """", ""imported"": true, ""files"": ["".json""]}, {""id"": ""7bc4b"", ""uuid"": ""3a2f4ece-0823-4319-9248-618dd7243aab@7bc4b"", ""importer"": ""gltf-scene"", ""name"": ""block_03.prefab"", ""display_name"": """", ""imported"": true, ""files"": ["".json""]}]"
assets/resources/jump/derived/models/block_04.glb,derived-model,核心模型,普通矩形平台，id=4，无特殊奖励,01/02,Platform包装Prefab；台面由PlatformSpec定义,0df7a236-7f11-4ec8-bcf6-13ebac34e6ea,gltf,docs/参考资料/原始提取包/派生模型/block_04.glb,19140,6b864fd98d3bc9ffb2f40bf5f45d49d388e65f371b134475e69eed6d135e6fac,"""""","[{""id"": ""31e6c"", ""uuid"": ""0df7a236-7f11-4ec8-bcf6-13ebac34e6ea@31e6c"", ""importer"": ""gltf-mesh"", ""name"": ""PlaneGeometry.mesh"", ""display_name"": """", ""imported"": true, ""files"": ["".bin"", "".json""]}, {""id"": ""823c7"", ""uuid"": ""0df7a236-7f11-4ec8-bcf6-13ebac34e6ea@823c7"", ""importer"": ""gltf-mesh"", ""name"": ""hitObj.mesh"", ""display_name"": """", ""imported"": true, ""files"": ["".bin"", "".json""]}, {""id"": ""58b04"", ""uuid"": ""0df7a236-7f11-4ec8-bcf6-13ebac34e6ea@58b04"", ""importer"": ""gltf-embeded-image"", ""name"": ""res/shadow.png.image"", ""display_name"": """", ""imported"": true, ""files"": ["".json"", "".png""]}, {""id"": ""e39f7"", ""uuid"": ""0df7a236-7f11-4ec8-bcf6-13ebac34e6ea@e39f7"", ""importer"": ""texture"", ""name"": ""UnnamedTexture.texture"", ""display_name"": """", ""imported"": true, ""files"": ["".json""]}, {""id"": ""80a7d"", ""uuid"": ""0df7a236-7f11-4ec8-bcf6-13ebac34e6ea@80a7d"", ""importer"": ""gltf-material"", ""name"": ""MeshBasicMaterial-0.material"", ""display_name"": """", ""imported"": true, ""files"": ["".json""]}, {""id"": ""fdb1e"", ""uuid"": ""0df7a236-7f11-4ec8-bcf6-13ebac34e6ea@fdb1e"", ""importer"": ""gltf-material"", ""name"": ""MeshLambertMaterial-1.material"", ""display_name"": """", ""imported"": true, ""files"": ["".json""]}, {""id"": ""39e74"", ""uuid"": ""0df7a236-7f11-4ec8-bcf6-13ebac34e6ea@39e74"", ""importer"": ""gltf-material"", ""name"": ""MeshLambertMaterial-2.material"", ""display_name"": """", ""imported"": true, ""files"": ["".json""]}, {""id"": ""bb9fa"", ""uuid"": ""0df7a236-7f11-4ec8-bcf6-13ebac34e6ea@bb9fa"", ""importer"": ""gltf-scene"", ""name"": ""block_04.prefab"", ""display_name"": """", ""imported"": true, ""files"": ["".json""]}]"
assets/resources/jump/derived/models/block_05.glb,derived-model,备用模型,原平台id=5，高度/结构/奖励与核心台不同或未纳入白名单,无,只保留，不启用特殊平台行为,60ec303a-a296-4b42-8c39-699e08802f99,gltf,docs/参考资料/原始提取包/派生模型/block_05.glb,9880,f61e686b427d6e1598157c69fbee525299d412327b9d6c1aa8175f8e05090c34,"""""","[{""id"": ""31e6c"", ""uuid"": ""60ec303a-a296-4b42-8c39-699e08802f99@31e6c"", ""importer"": ""gltf-mesh"", ""name"": ""PlaneGeometry.mesh"", ""display_name"": """", ""imported"": true, ""files"": ["".bin"", "".json""]}, {""id"": ""823c7"", ""uuid"": ""60ec303a-a296-4b42-8c39-699e08802f99@823c7"", ""importer"": ""gltf-mesh"", ""name"": ""hitObj.mesh"", ""display_name"": """", ""imported"": true, ""files"": ["".bin"", "".json""]}, {""id"": ""58b04"", ""uuid"": ""60ec303a-a296-4b42-8c39-699e08802f99@58b04"", ""importer"": ""gltf-embeded-image"", ""name"": ""res/shadow.png.image"", ""display_name"": """", ""imported"": true, ""files"": ["".json"", "".png""]}, {""id"": ""e39f7"", ""uuid"": ""60ec303a-a296-4b42-8c39-699e08802f99@e39f7"", ""importer"": ""texture"", ""name"": ""UnnamedTexture.texture"", ""display_name"": """", ""imported"": true, ""files"": ["".json""]}, {""id"": ""80a7d"", ""uuid"": ""60ec303a-a296-4b42-8c39-699e08802f99@80a7d"", ""importer"": ""gltf-material"", ""name"": ""MeshBasicMaterial-0.material"", ""display_name"": """", ""imported"": true, ""files"": ["".json""]}, {""id"": ""fdb1e"", ""uuid"": ""60ec303a-a296-4b42-8c39-699e08802f99@fdb1e"", ""importer"": ""gltf-material"", ""name"": ""MeshLambertMaterial-1.material"", ""display_name"": """", ""imported"": true, ""files"": ["".json""]}, {""id"": ""39e74"", ""uuid"": ""60ec303a-a296-4b42-8c39-699e08802f99@39e74"", ""importer"": ""gltf-material"", ""name"": ""MeshLambertMaterial-2.material"", ""display_name"": """", ""imported"": true, ""files"": ["".json""]}, {""id"": ""c59b3"", ""uuid"": ""60ec303a-a296-4b42-8c39-699e08802f99@c59b3"", ""importer"": ""gltf-scene"", ""name"": ""block_05.prefab"", ""display_name"": """", ""imported"": true, ""files"": ["".json""]}]"
assets/resources/jump/derived/models/block_06.glb,derived-model,备用模型,原平台id=6，高度/结构/奖励与核心台不同或未纳入白名单,无,只保留，不启用特殊平台行为,fc50f5dc-7de9-4911-8a1a-a08ba3a76ecd,gltf,docs/参考资料/原始提取包/派生模型/block_06.glb,9880,0a42bc65d7b1def7733b3fe55e65d881f3184352e34d4e200667e44ce46f58ca,"""""","[{""id"": ""31e6c"", ""uuid"": ""fc50f5dc-7de9-4911-8a1a-a08ba3a76ecd@31e6c"", ""importer"": ""gltf-mesh"", ""name"": ""PlaneGeometry.mesh"", ""display_name"": """", ""imported"": true, ""files"": ["".bin"", "".json""]}, {""id"": ""823c7"", ""uuid"": ""fc50f5dc-7de9-4911-8a1a-a08ba3a76ecd@823c7"", ""importer"": ""gltf-mesh"", ""name"": ""hitObj.mesh"", ""display_name"": """", ""imported"": true, ""files"": ["".bin"", "".json""]}, {""id"": ""58b04"", ""uuid"": ""fc50f5dc-7de9-4911-8a1a-a08ba3a76ecd@58b04"", ""importer"": ""gltf-embeded-image"", ""name"": ""res/shadow.png.image"", ""display_name"": """", ""imported"": true, ""files"": ["".json"", "".png""]}, {""id"": ""e39f7"", ""uuid"": ""fc50f5dc-7de9-4911-8a1a-a08ba3a76ecd@e39f7"", ""importer"": ""texture"", ""name"": ""UnnamedTexture.texture"", ""display_name"": """", ""imported"": true, ""files"": ["".json""]}, {""id"": ""80a7d"", ""uuid"": ""fc50f5dc-7de9-4911-8a1a-a08ba3a76ecd@80a7d"", ""importer"": ""gltf-material"", ""name"": ""MeshBasicMaterial-0.material"", ""display_name"": """", ""imported"": true, ""files"": ["".json""]}, {""id"": ""fdb1e"", ""uuid"": ""fc50f5dc-7de9-4911-8a1a-a08ba3a76ecd@fdb1e"", ""importer"": ""gltf-material"", ""name"": ""MeshLambertMaterial-1.material"", ""display_name"": """", ""imported"": true, ""files"": ["".json""]}, {""id"": ""39e74"", ""uuid"": ""fc50f5dc-7de9-4911-8a1a-a08ba3a76ecd@39e74"", ""importer"": ""gltf-material"", ""name"": ""MeshLambertMaterial-2.material"", ""display_name"": """", ""imported"": true, ""files"": ["".json""]}, {""id"": ""780ac"", ""uuid"": ""fc50f5dc-7de9-4911-8a1a-a08ba3a76ecd@780ac"", ""importer"": ""gltf-scene"", ""name"": ""block_06.prefab"", ""display_name"": """", ""imported"": true, ""files"": ["".json""]}]"
assets/resources/jump/derived/models/block_07.glb,derived-model,备用模型,原平台id=7，高度/结构/奖励与核心台不同或未纳入白名单,无,只保留，不启用特殊平台行为,c4ea5839-2a0e-4ae7-8392-2354443a2013,gltf,docs/参考资料/原始提取包/派生模型/block_07.glb,50572,fde1f81f766f97d67c810b0e14e0273d997c4232339b7da8c8e7535b12964946,"""""","[{""id"": ""31e6c"", ""uuid"": ""c4ea5839-2a0e-4ae7-8392-2354443a2013@31e6c"", ""importer"": ""gltf-mesh"", ""name"": ""PlaneGeometry.mesh"", ""display_name"": """", ""imported"": true, ""files"": ["".bin"", "".json""]}, {""id"": ""00125"", ""uuid"": ""c4ea5839-2a0e-4ae7-8392-2354443a2013@00125"", ""importer"": ""gltf-mesh"", ""name"": ""CylinderGeometry.mesh"", ""display_name"": """", ""imported"": true, ""files"": ["".bin"", "".json""]}, {""id"": ""823c7"", ""uuid"": ""c4ea5839-2a0e-4ae7-8392-2354443a2013@823c7"", ""importer"": ""gltf-mesh"", ""name"": ""hitObj.mesh"", ""display_name"": """", ""imported"": true, ""files"": ["".bin"", "".json""]}, {""id"": ""bbd4a"", ""uuid"": ""c4ea5839-2a0e-4ae7-8392-2354443a2013@bbd4a"", ""importer"": ""gltf-embeded-image"", ""name"": ""res/desk_shadow.png.image"", ""display_name"": """", ""imported"": true, ""files"": ["".json"", "".png""]}, {""id"": ""e39f7"", ""uuid"": ""c4ea5839-2a0e-4ae7-8392-2354443a2013@e39f7"", ""importer"": ""texture"", ""name"": ""UnnamedTexture.texture"", ""display_name"": """", ""imported"": true, ""files"": ["".json""]}, {""id"": ""80a7d"", ""uuid"": ""c4ea5839-2a0e-4ae7-8392-2354443a2013@80a7d"", ""importer"": ""gltf-material"", ""name"": ""MeshBasicMaterial-0.material"", ""display_name"": """", ""imported"": true, ""files"": ["".json""]}, {""id"": ""fdb1e"", ""uuid"": ""c4ea5839-2a0e-4ae7-8392-2354443a2013@fdb1e"", ""importer"": ""gltf-material"", ""name"": ""MeshLambertMaterial-1.material"", ""display_name"": """", ""imported"": true, ""files"": ["".json""]}, {""id"": ""39e74"", ""uuid"": ""c4ea5839-2a0e-4ae7-8392-2354443a2013@39e74"", ""importer"": ""gltf-material"", ""name"": ""MeshLambertMaterial-2.material"", ""display_name"": """", ""imported"": true, ""files"": ["".json""]}, {""id"": ""e7869"", ""uuid"": ""c4ea5839-2a0e-4ae7-8392-2354443a2013@e7869"", ""importer"": ""gltf-scene"", ""name"": ""block_07.prefab"", ""display_name"": """", ""imported"": true, ""files"": ["".json""]}]"
assets/resources/jump/derived/models/block_08.glb,derived-model,核心模型,普通矩形平台，id=8，无特殊奖励,01/02,Platform包装Prefab；台面由PlatformSpec定义,6c216d4d-a22f-46b6-9dac-467da036681d,gltf,docs/参考资料/原始提取包/派生模型/block_08.glb,12244,e91a61b250f25421326224e60aa304088813e04d17e9287a65d3ce669b9a45de,"""""","[{""id"": ""31e6c"", ""uuid"": ""6c216d4d-a22f-46b6-9dac-467da036681d@31e6c"", ""importer"": ""gltf-mesh"", ""name"": ""PlaneGeometry.mesh"", ""display_name"": """", ""imported"": true, ""files"": ["".bin"", "".json""]}, {""id"": ""823c7"", ""uuid"": ""6c216d4d-a22f-46b6-9dac-467da036681d@823c7"", ""importer"": ""gltf-mesh"", ""name"": ""hitObj.mesh"", ""display_name"": """", ""imported"": true, ""files"": ["".bin"", "".json""]}, {""id"": ""58b04"", ""uuid"": ""6c216d4d-a22f-46b6-9dac-467da036681d@58b04"", ""importer"": ""gltf-embeded-image"", ""name"": ""res/shadow.png.image"", ""display_name"": """", ""imported"": true, ""files"": ["".json"", "".png""]}, {""id"": ""e39f7"", ""uuid"": ""6c216d4d-a22f-46b6-9dac-467da036681d@e39f7"", ""importer"": ""texture"", ""name"": ""UnnamedTexture.texture"", ""display_name"": """", ""imported"": true, ""files"": ["".json""]}, {""id"": ""80a7d"", ""uuid"": ""6c216d4d-a22f-46b6-9dac-467da036681d@80a7d"", ""importer"": ""gltf-material"", ""name"": ""MeshBasicMaterial-0.material"", ""display_name"": """", ""imported"": true, ""files"": ["".json""]}, {""id"": ""fdb1e"", ""uuid"": ""6c216d4d-a22f-46b6-9dac-467da036681d@fdb1e"", ""importer"": ""gltf-material"", ""name"": ""MeshLambertMaterial-1.material"", ""display_name"": """", ""imported"": true, ""files"": ["".json""]}, {""id"": ""39e74"", ""uuid"": ""6c216d4d-a22f-46b6-9dac-467da036681d@39e74"", ""importer"": ""gltf-material"", ""name"": ""MeshLambertMaterial-2.material"", ""display_name"": """", ""imported"": true, ""files"": ["".json""]}, {""id"": ""fedee"", ""uuid"": ""6c216d4d-a22f-46b6-9dac-467da036681d@fedee"", ""importer"": ""gltf-scene"", ""name"": ""block_08.prefab"", ""display_name"": """", ""imported"": true, ""files"": ["".json""]}]"
assets/resources/jump/derived/models/block_09.glb,derived-model,备用模型,原平台id=9，高度/结构/奖励与核心台不同或未纳入白名单,无,只保留，不启用特殊平台行为,730c98e6-ea8a-4cc8-8291-512d80d441f1,gltf,docs/参考资料/原始提取包/派生模型/block_09.glb,8912,071e549fa82d96ba3b9b3fce4153dd321392b1b90a55fd80c32b48c7b867adaa,"""""","[{""id"": ""17838"", ""uuid"": ""730c98e6-ea8a-4cc8-8291-512d80d441f1@17838"", ""importer"": ""gltf-material"", ""name"": ""MeshBasicMaterial-2.material"", ""display_name"": """", ""imported"": true, ""files"": ["".json""]}, {""id"": ""31e6c"", ""uuid"": ""730c98e6-ea8a-4cc8-8291-512d80d441f1@31e6c"", ""importer"": ""gltf-mesh"", ""name"": ""PlaneGeometry.mesh"", ""display_name"": """", ""imported"": true, ""files"": ["".bin"", "".json""]}, {""id"": ""823c7"", ""uuid"": ""730c98e6-ea8a-4cc8-8291-512d80d441f1@823c7"", ""importer"": ""gltf-mesh"", ""name"": ""hitObj.mesh"", ""display_name"": """", ""imported"": true, ""files"": ["".bin"", "".json""]}, {""id"": ""58b04"", ""uuid"": ""730c98e6-ea8a-4cc8-8291-512d80d441f1@58b04"", ""importer"": ""gltf-embeded-image"", ""name"": ""res/shadow.png.image"", ""display_name"": """", ""imported"": true, ""files"": ["".json"", "".png""]}, {""id"": ""569fa"", ""uuid"": ""730c98e6-ea8a-4cc8-8291-512d80d441f1@569fa"", ""importer"": ""gltf-embeded-image"", ""name"": ""res/game.png.image"", ""display_name"": """", ""imported"": true, ""files"": ["".json"", "".png""]}, {""id"": ""3effa"", ""uuid"": ""730c98e6-ea8a-4cc8-8291-512d80d441f1@3effa"", ""importer"": ""texture"", ""name"": ""UnnamedTexture-0.texture"", ""display_name"": """", ""imported"": true, ""files"": ["".json""]}, {""id"": ""221a5"", ""uuid"": ""730c98e6-ea8a-4cc8-8291-512d80d441f1@221a5"", ""importer"": ""texture"", ""name"": ""UnnamedTexture-1.texture"", ""display_name"": """", ""imported"": true, ""files"": ["".json""]}, {""id"": ""80a7d"", ""uuid"": ""730c98e6-ea8a-4cc8-8291-512d80d441f1@80a7d"", ""importer"": ""gltf-material"", ""name"": ""MeshBasicMaterial-0.material"", ""display_name"": """", ""imported"": true, ""files"": ["".json""]}, {""id"": ""fdb1e"", ""uuid"": ""730c98e6-ea8a-4cc8-8291-512d80d441f1@fdb1e"", ""importer"": ""gltf-material"", ""name"": ""MeshLambertMaterial-1.material"", ""display_name"": """", ""imported"": true, ""files"": ["".json""]}, {""id"": ""36e00"", ""uuid"": ""730c98e6-ea8a-4cc8-8291-512d80d441f1@36e00"", ""importer"": ""gltf-scene"", ""name"": ""block_09.prefab"", ""display_name"": """", ""imported"": true, ""files"": ["".json""]}]"
assets/resources/jump/derived/models/block_10.glb,derived-model,备用模型,原平台id=10，高度/结构/奖励与核心台不同或未纳入白名单,无,只保留，不启用特殊平台行为,a621fe1d-323d-47c6-845d-fc5805688c95,gltf,docs/参考资料/原始提取包/派生模型/block_10.glb,46992,13b27c4dad13a5c93acf3b3ca23cc6ef8406afa5788fba6ceb7012c7eed3957a,"""""","[{""id"": ""17838"", ""uuid"": ""a621fe1d-323d-47c6-845d-fc5805688c95@17838"", ""importer"": ""gltf-material"", ""name"": ""MeshBasicMaterial-2.material"", ""display_name"": """", ""imported"": true, ""files"": ["".json""]}, {""id"": ""31e6c"", ""uuid"": ""a621fe1d-323d-47c6-845d-fc5805688c95@31e6c"", ""importer"": ""gltf-mesh"", ""name"": ""PlaneGeometry.mesh"", ""display_name"": """", ""imported"": true, ""files"": ["".bin"", "".json""]}, {""id"": ""823c7"", ""uuid"": ""a621fe1d-323d-47c6-845d-fc5805688c95@823c7"", ""importer"": ""gltf-mesh"", ""name"": ""hitObj.mesh"", ""display_name"": """", ""imported"": true, ""files"": ["".bin"", "".json""]}, {""id"": ""58b04"", ""uuid"": ""a621fe1d-323d-47c6-845d-fc5805688c95@58b04"", ""importer"": ""gltf-embeded-image"", ""name"": ""res/shadow.png.image"", ""display_name"": """", ""imported"": true, ""files"": ["".json"", "".png""]}, {""id"": ""14ef4"", ""uuid"": ""a621fe1d-323d-47c6-845d-fc5805688c95@14ef4"", ""importer"": ""gltf-embeded-image"", ""name"": ""res/emotion.png.image"", ""display_name"": """", ""imported"": true, ""files"": ["".json"", "".png""]}, {""id"": ""3effa"", ""uuid"": ""a621fe1d-323d-47c6-845d-fc5805688c95@3effa"", ""importer"": ""texture"", ""name"": ""UnnamedTexture-0.texture"", ""display_name"": """", ""imported"": true, ""files"": ["".json""]}, {""id"": ""221a5"", ""uuid"": ""a621fe1d-323d-47c6-845d-fc5805688c95@221a5"", ""importer"": ""texture"", ""name"": ""UnnamedTexture-1.texture"", ""display_name"": """", ""imported"": true, ""files"": ["".json""]}, {""id"": ""80a7d"", ""uuid"": ""a621fe1d-323d-47c6-845d-fc5805688c95@80a7d"", ""importer"": ""gltf-material"", ""name"": ""MeshBasicMaterial-0.material"", ""display_name"": """", ""imported"": true, ""files"": ["".json""]}, {""id"": ""fdb1e"", ""uuid"": ""a621fe1d-323d-47c6-845d-fc5805688c95@fdb1e"", ""importer"": ""gltf-material"", ""name"": ""MeshLambertMaterial-1.material"", ""display_name"": """", ""imported"": true, ""files"": ["".json""]}, {""id"": ""0f265"", ""uuid"": ""a621fe1d-323d-47c6-845d-fc5805688c95@0f265"", ""importer"": ""gltf-scene"", ""name"": ""block_10.prefab"", ""display_name"": """", ""imported"": true, ""files"": ["".json""]}]"
assets/resources/jump/derived/models/block_11.glb,derived-model,核心模型,普通矩形平台，id=11，无特殊奖励,01/02,Platform包装Prefab；台面由PlatformSpec定义,4f82eb91-5aeb-4e00-81d6-fd80169433f2,gltf,docs/参考资料/原始提取包/派生模型/block_11.glb,10844,a058e1784774750ce2a412ef5e8f44ac5e0c614fe7143bff53f66e62f1d8b6de,"""""","[{""id"": ""17838"", ""uuid"": ""4f82eb91-5aeb-4e00-81d6-fd80169433f2@17838"", ""importer"": ""gltf-material"", ""name"": ""MeshBasicMaterial-2.material"", ""display_name"": """", ""imported"": true, ""files"": ["".json""]}, {""id"": ""31e6c"", ""uuid"": ""4f82eb91-5aeb-4e00-81d6-fd80169433f2@31e6c"", ""importer"": ""gltf-mesh"", ""name"": ""PlaneGeometry.mesh"", ""display_name"": """", ""imported"": true, ""files"": ["".bin"", "".json""]}, {""id"": ""823c7"", ""uuid"": ""4f82eb91-5aeb-4e00-81d6-fd80169433f2@823c7"", ""importer"": ""gltf-mesh"", ""name"": ""hitObj.mesh"", ""display_name"": """", ""imported"": true, ""files"": ["".bin"", "".json""]}, {""id"": ""58b04"", ""uuid"": ""4f82eb91-5aeb-4e00-81d6-fd80169433f2@58b04"", ""importer"": ""gltf-embeded-image"", ""name"": ""res/shadow.png.image"", ""display_name"": """", ""imported"": true, ""files"": ["".json"", "".png""]}, {""id"": ""d52ee"", ""uuid"": ""4f82eb91-5aeb-4e00-81d6-fd80169433f2@d52ee"", ""importer"": ""gltf-embeded-image"", ""name"": ""res/green_face.png.image"", ""display_name"": """", ""imported"": true, ""files"": ["".json"", "".png""]}, {""id"": ""3effa"", ""uuid"": ""4f82eb91-5aeb-4e00-81d6-fd80169433f2@3effa"", ""importer"": ""texture"", ""name"": ""UnnamedTexture-0.texture"", ""display_name"": """", ""imported"": true, ""files"": ["".json""]}, {""id"": ""221a5"", ""uuid"": ""4f82eb91-5aeb-4e00-81d6-fd80169433f2@221a5"", ""importer"": ""texture"", ""name"": ""UnnamedTexture-1.texture"", ""display_name"": """", ""imported"": true, ""files"": ["".json""]}, {""id"": ""80a7d"", ""uuid"": ""4f82eb91-5aeb-4e00-81d6-fd80169433f2@80a7d"", ""importer"": ""gltf-material"", ""name"": ""MeshBasicMaterial-0.material"", ""display_name"": """", ""imported"": true, ""files"": ["".json""]}, {""id"": ""fdb1e"", ""uuid"": ""4f82eb91-5aeb-4e00-81d6-fd80169433f2@fdb1e"", ""importer"": ""gltf-material"", ""name"": ""MeshLambertMaterial-1.material"", ""display_name"": """", ""imported"": true, ""files"": ["".json""]}, {""id"": ""3ebab"", ""uuid"": ""4f82eb91-5aeb-4e00-81d6-fd80169433f2@3ebab"", ""importer"": ""gltf-scene"", ""name"": ""block_11.prefab"", ""display_name"": """", ""imported"": true, ""files"": ["".json""]}]"
assets/resources/jump/derived/models/block_12.glb,derived-model,核心模型,普通矩形平台，id=12，无特殊奖励,01/02,Platform包装Prefab；台面由PlatformSpec定义,08abb508-e8ac-4b7c-8d1f-4c69bf34bdd8,gltf,docs/参考资料/原始提取包/派生模型/block_12.glb,12064,97bbad79d14cc769adb9c67f326d032fded9cd5976d256ddd1f24b5ad3c51f1d,"""""","[{""id"": ""31e6c"", ""uuid"": ""08abb508-e8ac-4b7c-8d1f-4c69bf34bdd8@31e6c"", ""importer"": ""gltf-mesh"", ""name"": ""PlaneGeometry.mesh"", ""display_name"": """", ""imported"": true, ""files"": ["".bin"", "".json""]}, {""id"": ""823c7"", ""uuid"": ""08abb508-e8ac-4b7c-8d1f-4c69bf34bdd8@823c7"", ""importer"": ""gltf-mesh"", ""name"": ""hitObj.mesh"", ""display_name"": """", ""imported"": true, ""files"": ["".bin"", "".json""]}, {""id"": ""58b04"", ""uuid"": ""08abb508-e8ac-4b7c-8d1f-4c69bf34bdd8@58b04"", ""importer"": ""gltf-embeded-image"", ""name"": ""res/shadow.png.image"", ""display_name"": """", ""imported"": true, ""files"": ["".json"", "".png""]}, {""id"": ""84d79"", ""uuid"": ""08abb508-e8ac-4b7c-8d1f-4c69bf34bdd8@84d79"", ""importer"": ""gltf-embeded-image"", ""name"": ""res/white_face.png.image"", ""display_name"": """", ""imported"": true, ""files"": ["".json"", "".png""]}, {""id"": ""3effa"", ""uuid"": ""08abb508-e8ac-4b7c-8d1f-4c69bf34bdd8@3effa"", ""importer"": ""texture"", ""name"": ""UnnamedTexture-0.texture"", ""display_name"": """", ""imported"": true, ""files"": ["".json""]}, {""id"": ""221a5"", ""uuid"": ""08abb508-e8ac-4b7c-8d1f-4c69bf34bdd8@221a5"", ""importer"": ""texture"", ""name"": ""UnnamedTexture-1.texture"", ""display_name"": """", ""imported"": true, ""files"": ["".json""]}, {""id"": ""80a7d"", ""uuid"": ""08abb508-e8ac-4b7c-8d1f-4c69bf34bdd8@80a7d"", ""importer"": ""gltf-material"", ""name"": ""MeshBasicMaterial-0.material"", ""display_name"": """", ""imported"": true, ""files"": ["".json""]}, {""id"": ""fdb1e"", ""uuid"": ""08abb508-e8ac-4b7c-8d1f-4c69bf34bdd8@fdb1e"", ""importer"": ""gltf-material"", ""name"": ""MeshLambertMaterial-1.material"", ""display_name"": """", ""imported"": true, ""files"": ["".json""]}, {""id"": ""39e74"", ""uuid"": ""08abb508-e8ac-4b7c-8d1f-4c69bf34bdd8@39e74"", ""importer"": ""gltf-material"", ""name"": ""MeshLambertMaterial-2.material"", ""display_name"": """", ""imported"": true, ""files"": ["".json""]}, {""id"": ""e8090"", ""uuid"": ""08abb508-e8ac-4b7c-8d1f-4c69bf34bdd8@e8090"", ""importer"": ""gltf-scene"", ""name"": ""block_12.prefab"", ""display_name"": """", ""imported"": true, ""files"": ["".json""]}]"
assets/resources/jump/derived/models/block_13.glb,derived-model,备用模型,原平台id=13，高度/结构/奖励与核心台不同或未纳入白名单,无,只保留，不启用特殊平台行为,bfc40c62-7f96-4115-8d64-98c4c0e34ce1,gltf,docs/参考资料/原始提取包/派生模型/block_13.glb,7892,4e37a085afcd5e4f9dcf2a1d98a8fe3fbcdbec9ad5d49e97fe22b5dc3cba2c00,"""""","[{""id"": ""31e6c"", ""uuid"": ""bfc40c62-7f96-4115-8d64-98c4c0e34ce1@31e6c"", ""importer"": ""gltf-mesh"", ""name"": ""PlaneGeometry.mesh"", ""display_name"": """", ""imported"": true, ""files"": ["".bin"", "".json""]}, {""id"": ""823c7"", ""uuid"": ""bfc40c62-7f96-4115-8d64-98c4c0e34ce1@823c7"", ""importer"": ""gltf-mesh"", ""name"": ""hitObj.mesh"", ""display_name"": """", ""imported"": true, ""files"": ["".bin"", "".json""]}, {""id"": ""58b04"", ""uuid"": ""bfc40c62-7f96-4115-8d64-98c4c0e34ce1@58b04"", ""importer"": ""gltf-embeded-image"", ""name"": ""res/shadow.png.image"", ""display_name"": """", ""imported"": true, ""files"": ["".json"", "".png""]}, {""id"": ""2987c"", ""uuid"": ""bfc40c62-7f96-4115-8d64-98c4c0e34ce1@2987c"", ""importer"": ""gltf-embeded-image"", ""name"": ""res/money.png.image"", ""display_name"": """", ""imported"": true, ""files"": ["".json"", "".png""]}, {""id"": ""3effa"", ""uuid"": ""bfc40c62-7f96-4115-8d64-98c4c0e34ce1@3effa"", ""importer"": ""texture"", ""name"": ""UnnamedTexture-0.texture"", ""display_name"": """", ""imported"": true, ""files"": ["".json""]}, {""id"": ""221a5"", ""uuid"": ""bfc40c62-7f96-4115-8d64-98c4c0e34ce1@221a5"", ""importer"": ""texture"", ""name"": ""UnnamedTexture-1.texture"", ""display_name"": """", ""imported"": true, ""files"": ["".json""]}, {""id"": ""f9753"", ""uuid"": ""bfc40c62-7f96-4115-8d64-98c4c0e34ce1@f9753"", ""importer"": ""gltf-material"", ""name"": ""MeshBasicMaterial.material"", ""display_name"": """", ""imported"": true, ""files"": ["".json""]}, {""id"": ""3770e"", ""uuid"": ""bfc40c62-7f96-4115-8d64-98c4c0e34ce1@3770e"", ""importer"": ""gltf-material"", ""name"": ""MeshLambertMaterial.material"", ""display_name"": """", ""imported"": true, ""files"": ["".json""]}, {""id"": ""20c7e"", ""uuid"": ""bfc40c62-7f96-4115-8d64-98c4c0e34ce1@20c7e"", ""importer"": ""gltf-scene"", ""name"": ""block_13.prefab"", ""display_name"": """", ""imported"": true, ""files"": ["".json""]}]"
assets/resources/jump/derived/models/block_14.glb,derived-model,备用模型,原平台id=14，高度/结构/奖励与核心台不同或未纳入白名单,无,只保留，不启用特殊平台行为,d1f65d87-feee-438d-8e0e-81a0755b7235,gltf,docs/参考资料/原始提取包/派生模型/block_14.glb,84480,f30c091aa42258dc2055857399aeabd67d5276b89df2f66eba5668377d1e5b78,"""""","[{""id"": ""31e6c"", ""uuid"": ""d1f65d87-feee-438d-8e0e-81a0755b7235@31e6c"", ""importer"": ""gltf-mesh"", ""name"": ""PlaneGeometry.mesh"", ""display_name"": """", ""imported"": true, ""files"": ["".bin"", "".json""]}, {""id"": ""823c7"", ""uuid"": ""d1f65d87-feee-438d-8e0e-81a0755b7235@823c7"", ""importer"": ""gltf-mesh"", ""name"": ""hitObj.mesh"", ""display_name"": """", ""imported"": true, ""files"": ["".bin"", "".json""]}, {""id"": ""58b04"", ""uuid"": ""d1f65d87-feee-438d-8e0e-81a0755b7235@58b04"", ""importer"": ""gltf-embeded-image"", ""name"": ""res/shadow.png.image"", ""display_name"": """", ""imported"": true, ""files"": ["".json"", "".png""]}, {""id"": ""ee857"", ""uuid"": ""d1f65d87-feee-438d-8e0e-81a0755b7235@ee857"", ""importer"": ""gltf-embeded-image"", ""name"": ""res/tit.png.image"", ""display_name"": """", ""imported"": true, ""files"": ["".json"", "".png""]}, {""id"": ""3effa"", ""uuid"": ""d1f65d87-feee-438d-8e0e-81a0755b7235@3effa"", ""importer"": ""texture"", ""name"": ""UnnamedTexture-0.texture"", ""display_name"": """", ""imported"": true, ""files"": ["".json""]}, {""id"": ""221a5"", ""uuid"": ""d1f65d87-feee-438d-8e0e-81a0755b7235@221a5"", ""importer"": ""texture"", ""name"": ""UnnamedTexture-1.texture"", ""display_name"": """", ""imported"": true, ""files"": ["".json""]}, {""id"": ""f9753"", ""uuid"": ""d1f65d87-feee-438d-8e0e-81a0755b7235@f9753"", ""importer"": ""gltf-material"", ""name"": ""MeshBasicMaterial.material"", ""display_name"": """", ""imported"": true, ""files"": ["".json""]}, {""id"": ""3770e"", ""uuid"": ""d1f65d87-feee-438d-8e0e-81a0755b7235@3770e"", ""importer"": ""gltf-material"", ""name"": ""MeshLambertMaterial.material"", ""display_name"": """", ""imported"": true, ""files"": ["".json""]}, {""id"": ""5383d"", ""uuid"": ""d1f65d87-feee-438d-8e0e-81a0755b7235@5383d"", ""importer"": ""gltf-scene"", ""name"": ""block_14.prefab"", ""display_name"": """", ""imported"": true, ""files"": ["".json""]}]"
assets/resources/jump/derived/models/block_15.glb,derived-model,备用模型,原平台id=15，高度/结构/奖励与核心台不同或未纳入白名单,无,只保留，不启用特殊平台行为,36dec9cb-dd0f-4939-8f09-c85bdd43f641,gltf,docs/参考资料/原始提取包/派生模型/block_15.glb,16036,b98812e6d82ef495846b49dd4c7f6af4b33d771d358149288ac74baa91594414,"""""","[{""id"": ""31e6c"", ""uuid"": ""36dec9cb-dd0f-4939-8f09-c85bdd43f641@31e6c"", ""importer"": ""gltf-mesh"", ""name"": ""PlaneGeometry.mesh"", ""display_name"": """", ""imported"": true, ""files"": ["".bin"", "".json""]}, {""id"": ""823c7"", ""uuid"": ""36dec9cb-dd0f-4939-8f09-c85bdd43f641@823c7"", ""importer"": ""gltf-mesh"", ""name"": ""hitObj.mesh"", ""display_name"": """", ""imported"": true, ""files"": ["".bin"", "".json""]}, {""id"": ""58b04"", ""uuid"": ""36dec9cb-dd0f-4939-8f09-c85bdd43f641@58b04"", ""importer"": ""gltf-embeded-image"", ""name"": ""res/shadow.png.image"", ""display_name"": """", ""imported"": true, ""files"": ["".json"", "".png""]}, {""id"": ""c991b"", ""uuid"": ""36dec9cb-dd0f-4939-8f09-c85bdd43f641@c991b"", ""importer"": ""gltf-embeded-image"", ""name"": ""res/bag.png.image"", ""display_name"": """", ""imported"": true, ""files"": ["".json"", "".png""]}, {""id"": ""3effa"", ""uuid"": ""36dec9cb-dd0f-4939-8f09-c85bdd43f641@3effa"", ""importer"": ""texture"", ""name"": ""UnnamedTexture-0.texture"", ""display_name"": """", ""imported"": true, ""files"": ["".json""]}, {""id"": ""221a5"", ""uuid"": ""36dec9cb-dd0f-4939-8f09-c85bdd43f641@221a5"", ""importer"": ""texture"", ""name"": ""UnnamedTexture-1.texture"", ""display_name"": """", ""imported"": true, ""files"": ["".json""]}, {""id"": ""f9753"", ""uuid"": ""36dec9cb-dd0f-4939-8f09-c85bdd43f641@f9753"", ""importer"": ""gltf-material"", ""name"": ""MeshBasicMaterial.material"", ""display_name"": """", ""imported"": true, ""files"": ["".json""]}, {""id"": ""3770e"", ""uuid"": ""36dec9cb-dd0f-4939-8f09-c85bdd43f641@3770e"", ""importer"": ""gltf-material"", ""name"": ""MeshLambertMaterial.material"", ""display_name"": """", ""imported"": true, ""files"": ["".json""]}, {""id"": ""27ad7"", ""uuid"": ""36dec9cb-dd0f-4939-8f09-c85bdd43f641@27ad7"", ""importer"": ""gltf-scene"", ""name"": ""block_15.prefab"", ""display_name"": """", ""imported"": true, ""files"": ["".json""]}]"
assets/resources/jump/derived/models/block_16.glb,derived-model,备用模型,原平台id=16，高度/结构/奖励与核心台不同或未纳入白名单,无,只保留，不启用特殊平台行为,46cde7c0-85dc-4b5c-ac83-6b1fb020e686,gltf,docs/参考资料/原始提取包/派生模型/block_16.glb,12392,193d53b8c725f2cf6c5b8dd16c857ee2cccb792b2e04b38789f43855c3af7900,"""""","[{""id"": ""31e6c"", ""uuid"": ""46cde7c0-85dc-4b5c-ac83-6b1fb020e686@31e6c"", ""importer"": ""gltf-mesh"", ""name"": ""PlaneGeometry.mesh"", ""display_name"": """", ""imported"": true, ""files"": ["".bin"", "".json""]}, {""id"": ""823c7"", ""uuid"": ""46cde7c0-85dc-4b5c-ac83-6b1fb020e686@823c7"", ""importer"": ""gltf-mesh"", ""name"": ""hitObj.mesh"", ""display_name"": """", ""imported"": true, ""files"": ["".bin"", "".json""]}, {""id"": ""58b04"", ""uuid"": ""46cde7c0-85dc-4b5c-ac83-6b1fb020e686@58b04"", ""importer"": ""gltf-embeded-image"", ""name"": ""res/shadow.png.image"", ""display_name"": """", ""imported"": true, ""files"": ["".json"", "".png""]}, {""id"": ""0e1f0"", ""uuid"": ""46cde7c0-85dc-4b5c-ac83-6b1fb020e686@0e1f0"", ""importer"": ""gltf-embeded-image"", ""name"": ""res/dict.png.image"", ""display_name"": """", ""imported"": true, ""files"": ["".json"", "".png""]}, {""id"": ""3effa"", ""uuid"": ""46cde7c0-85dc-4b5c-ac83-6b1fb020e686@3effa"", ""importer"": ""texture"", ""name"": ""UnnamedTexture-0.texture"", ""display_name"": """", ""imported"": true, ""files"": ["".json""]}, {""id"": ""221a5"", ""uuid"": ""46cde7c0-85dc-4b5c-ac83-6b1fb020e686@221a5"", ""importer"": ""texture"", ""name"": ""UnnamedTexture-1.texture"", ""display_name"": """", ""imported"": true, ""files"": ["".json""]}, {""id"": ""f9753"", ""uuid"": ""46cde7c0-85dc-4b5c-ac83-6b1fb020e686@f9753"", ""importer"": ""gltf-material"", ""name"": ""MeshBasicMaterial.material"", ""display_name"": """", ""imported"": true, ""files"": ["".json""]}, {""id"": ""3770e"", ""uuid"": ""46cde7c0-85dc-4b5c-ac83-6b1fb020e686@3770e"", ""importer"": ""gltf-material"", ""name"": ""MeshLambertMaterial.material"", ""display_name"": """", ""imported"": true, ""files"": ["".json""]}, {""id"": ""f51bd"", ""uuid"": ""46cde7c0-85dc-4b5c-ac83-6b1fb020e686@f51bd"", ""importer"": ""gltf-scene"", ""name"": ""block_16.prefab"", ""display_name"": """", ""imported"": true, ""files"": ["".json""]}]"
assets/resources/jump/derived/models/block_17.glb,derived-model,备用模型,原平台id=17，高度/结构/奖励与核心台不同或未纳入白名单,无,只保留，不启用特殊平台行为,4ded449d-1a29-4983-b438-e714848889a2,gltf,docs/参考资料/原始提取包/派生模型/block_17.glb,14032,80414d409b30dd2b49bb771ffaeec20d958db4785a16637bdd5e336e45038e78,"""""","[{""id"": ""27321"", ""uuid"": ""4ded449d-1a29-4983-b438-e714848889a2@27321"", ""importer"": ""gltf-embeded-image"", ""name"": ""res/box_top.png.image"", ""display_name"": """", ""imported"": true, ""files"": ["".json"", "".png""]}, {""id"": ""31e6c"", ""uuid"": ""4ded449d-1a29-4983-b438-e714848889a2@31e6c"", ""importer"": ""gltf-mesh"", ""name"": ""PlaneGeometry.mesh"", ""display_name"": """", ""imported"": true, ""files"": ["".bin"", "".json""]}, {""id"": ""b0707"", ""uuid"": ""4ded449d-1a29-4983-b438-e714848889a2@b0707"", ""importer"": ""gltf-mesh"", ""name"": ""BoxGeometry.mesh"", ""display_name"": """", ""imported"": true, ""files"": ["".bin"", "".json""]}, {""id"": ""823c7"", ""uuid"": ""4ded449d-1a29-4983-b438-e714848889a2@823c7"", ""importer"": ""gltf-mesh"", ""name"": ""hitObj.mesh"", ""display_name"": """", ""imported"": true, ""files"": ["".bin"", "".json""]}, {""id"": ""58b04"", ""uuid"": ""4ded449d-1a29-4983-b438-e714848889a2@58b04"", ""importer"": ""gltf-embeded-image"", ""name"": ""res/shadow.png.image"", ""display_name"": """", ""imported"": true, ""files"": ["".json"", "".png""]}, {""id"": ""267d7"", ""uuid"": ""4ded449d-1a29-4983-b438-e714848889a2@267d7"", ""importer"": ""gltf-embeded-image"", ""name"": ""res/box_middle.png.image"", ""display_name"": """", ""imported"": true, ""files"": ["".json"", "".png""]}, {""id"": ""d41c2"", ""uuid"": ""4ded449d-1a29-4983-b438-e714848889a2@d41c2"", ""importer"": ""gltf-embeded-image"", ""name"": ""res/box_bottom.png.image"", ""display_name"": """", ""imported"": true, ""files"": ["".json"", "".png""]}, {""id"": ""3effa"", ""uuid"": ""4ded449d-1a29-4983-b438-e714848889a2@3effa"", ""importer"": ""texture"", ""name"": ""UnnamedTexture-0.texture"", ""display_name"": """", ""imported"": true, ""files"": ["".json""]}, {""id"": ""221a5"", ""uuid"": ""4ded449d-1a29-4983-b438-e714848889a2@221a5"", ""importer"": ""texture"", ""name"": ""UnnamedTexture-1.texture"", ""display_name"": """", ""imported"": true, ""files"": ["".json""]}, {""id"": ""0089c"", ""uuid"": ""4ded449d-1a29-4983-b438-e714848889a2@0089c"", ""importer"": ""texture"", ""name"": ""UnnamedTexture-2.texture"", ""display_name"": """", ""imported"": true, ""files"": ["".json""]}, {""id"": ""9b633"", ""uuid"": ""4ded449d-1a29-4983-b438-e714848889a2@9b633"", ""importer"": ""texture"", ""name"": ""UnnamedTexture-3.texture"", ""display_name"": """", ""imported"": true, ""files"": ["".json""]}, {""id"": ""80a7d"", ""uuid"": ""4ded449d-1a29-4983-b438-e714848889a2@80a7d"", ""importer"": ""gltf-material"", ""name"": ""MeshBasicMaterial-0.material"", ""display_name"": """", ""imported"": true, ""files"": ["".json""]}, {""id"": ""fdb1e"", ""uuid"": ""4ded449d-1a29-4983-b438-e714848889a2@fdb1e"", ""importer"": ""gltf-material"", ""name"": ""MeshLambertMaterial-1.material"", ""display_name"": """", ""imported"": true, ""files"": ["".json""]}, {""id"": ""39e74"", ""uuid"": ""4ded449d-1a29-4983-b438-e714848889a2@39e74"", ""importer"": ""gltf-material"", ""name"": ""MeshLambertMaterial-2.material"", ""display_name"": """", ""imported"": true, ""files"": ["".json""]}, {""id"": ""0063d"", ""uuid"": ""4ded449d-1a29-4983-b438-e714848889a2@0063d"", ""importer"": ""gltf-material"", ""name"": ""MeshLambertMaterial-3.material"", ""display_name"": """", ""imported"": true, ""files"": ["".json""]}, {""id"": ""9421c"", ""uuid"": ""4ded449d-1a29-4983-b438-e714848889a2@9421c"", ""importer"": ""gltf-scene"", ""name"": ""block_17.prefab"", ""display_name"": """", ""imported"": true, ""files"": ["".json""]}]"
assets/resources/jump/derived/models/block_18.glb,derived-model,备用模型,原平台id=18，高度/结构/奖励与核心台不同或未纳入白名单,无,只保留，不启用特殊平台行为,fc85c1eb-df4d-43cb-9771-a5d1a7359f45,gltf,docs/参考资料/原始提取包/派生模型/block_18.glb,11480,67d1f367d0452b087c7cc2bbacbf4a53a8ffae90df4df3426e4da6eeeb519919,"""""","[{""id"": ""45838"", ""uuid"": ""fc85c1eb-df4d-43cb-9771-a5d1a7359f45@45838"", ""importer"": ""gltf-scene"", ""name"": ""block_18.prefab"", ""display_name"": """", ""imported"": true, ""files"": ["".json""]}, {""id"": ""31e6c"", ""uuid"": ""fc85c1eb-df4d-43cb-9771-a5d1a7359f45@31e6c"", ""importer"": ""gltf-mesh"", ""name"": ""PlaneGeometry.mesh"", ""display_name"": """", ""imported"": true, ""files"": ["".bin"", "".json""]}, {""id"": ""823c7"", ""uuid"": ""fc85c1eb-df4d-43cb-9771-a5d1a7359f45@823c7"", ""importer"": ""gltf-mesh"", ""name"": ""hitObj.mesh"", ""display_name"": """", ""imported"": true, ""files"": ["".bin"", "".json""]}, {""id"": ""58b04"", ""uuid"": ""fc85c1eb-df4d-43cb-9771-a5d1a7359f45@58b04"", ""importer"": ""gltf-embeded-image"", ""name"": ""res/shadow.png.image"", ""display_name"": """", ""imported"": true, ""files"": ["".json"", "".png""]}, {""id"": ""df98b"", ""uuid"": ""fc85c1eb-df4d-43cb-9771-a5d1a7359f45@df98b"", ""importer"": ""gltf-embeded-image"", ""name"": ""res/express.png.image"", ""display_name"": """", ""imported"": true, ""files"": ["".json"", "".png""]}, {""id"": ""3effa"", ""uuid"": ""fc85c1eb-df4d-43cb-9771-a5d1a7359f45@3effa"", ""importer"": ""texture"", ""name"": ""UnnamedTexture-0.texture"", ""display_name"": """", ""imported"": true, ""files"": ["".json""]}, {""id"": ""221a5"", ""uuid"": ""fc85c1eb-df4d-43cb-9771-a5d1a7359f45@221a5"", ""importer"": ""texture"", ""name"": ""UnnamedTexture-1.texture"", ""display_name"": """", ""imported"": true, ""files"": ["".json""]}, {""id"": ""f9753"", ""uuid"": ""fc85c1eb-df4d-43cb-9771-a5d1a7359f45@f9753"", ""importer"": ""gltf-material"", ""name"": ""MeshBasicMaterial.material"", ""display_name"": """", ""imported"": true, ""files"": ["".json""]}, {""id"": ""3770e"", ""uuid"": ""fc85c1eb-df4d-43cb-9771-a5d1a7359f45@3770e"", ""importer"": ""gltf-material"", ""name"": ""MeshLambertMaterial.material"", ""display_name"": """", ""imported"": true, ""files"": ["".json""]}]"
assets/resources/jump/derived/models/block_19.glb,derived-model,备用模型,原平台id=19，高度/结构/奖励与核心台不同或未纳入白名单,无,只保留，不启用特殊平台行为,49656df0-c58f-45a5-8b97-ff296d96fc48,gltf,docs/参考资料/原始提取包/派生模型/block_19.glb,87700,490592ebdd026ff1863c5c5a919a1f9a4f141a73504a34e02fb00b95c9eeb6a4,"""""","[{""id"": ""17838"", ""uuid"": ""49656df0-c58f-45a5-8b97-ff296d96fc48@17838"", ""importer"": ""gltf-material"", ""name"": ""MeshBasicMaterial-2.material"", ""display_name"": """", ""imported"": true, ""files"": ["".json""]}, {""id"": ""19882"", ""uuid"": ""49656df0-c58f-45a5-8b97-ff296d96fc48@19882"", ""importer"": ""gltf-mesh"", ""name"": ""CircleGeometry.mesh"", ""display_name"": """", ""imported"": true, ""files"": ["".bin"", "".json""]}, {""id"": ""31e6c"", ""uuid"": ""49656df0-c58f-45a5-8b97-ff296d96fc48@31e6c"", ""importer"": ""gltf-mesh"", ""name"": ""PlaneGeometry.mesh"", ""display_name"": """", ""imported"": true, ""files"": ["".bin"", "".json""]}, {""id"": ""00125"", ""uuid"": ""49656df0-c58f-45a5-8b97-ff296d96fc48@00125"", ""importer"": ""gltf-mesh"", ""name"": ""CylinderGeometry.mesh"", ""display_name"": """", ""imported"": true, ""files"": ["".bin"", "".json""]}, {""id"": ""823c7"", ""uuid"": ""49656df0-c58f-45a5-8b97-ff296d96fc48@823c7"", ""importer"": ""gltf-mesh"", ""name"": ""hitObj.mesh"", ""display_name"": """", ""imported"": true, ""files"": ["".bin"", "".json""]}, {""id"": ""58b04"", ""uuid"": ""49656df0-c58f-45a5-8b97-ff296d96fc48@58b04"", ""importer"": ""gltf-embeded-image"", ""name"": ""res/shadow.png.image"", ""display_name"": """", ""imported"": true, ""files"": ["".json"", "".png""]}, {""id"": ""ea776"", ""uuid"": ""49656df0-c58f-45a5-8b97-ff296d96fc48@ea776"", ""importer"": ""gltf-embeded-image"", ""name"": ""res/record.png.image"", ""display_name"": """", ""imported"": true, ""files"": ["".json"", "".png""]}, {""id"": ""886bf"", ""uuid"": ""49656df0-c58f-45a5-8b97-ff296d96fc48@886bf"", ""importer"": ""gltf-embeded-image"", ""name"": ""res/sing.png.image"", ""display_name"": """", ""imported"": true, ""files"": ["".json"", "".png""]}, {""id"": ""3effa"", ""uuid"": ""49656df0-c58f-45a5-8b97-ff296d96fc48@3effa"", ""importer"": ""texture"", ""name"": ""UnnamedTexture-0.texture"", ""display_name"": """", ""imported"": true, ""files"": ["".json""]}, {""id"": ""221a5"", ""uuid"": ""49656df0-c58f-45a5-8b97-ff296d96fc48@221a5"", ""importer"": ""texture"", ""name"": ""UnnamedTexture-1.texture"", ""display_name"": """", ""imported"": true, ""files"": ["".json""]}, {""id"": ""0089c"", ""uuid"": ""49656df0-c58f-45a5-8b97-ff296d96fc48@0089c"", ""importer"": ""texture"", ""name"": ""UnnamedTexture-2.texture"", ""display_name"": """", ""imported"": true, ""files"": ["".json""]}, {""id"": ""80a7d"", ""uuid"": ""49656df0-c58f-45a5-8b97-ff296d96fc48@80a7d"", ""importer"": ""gltf-material"", ""name"": ""MeshBasicMaterial-0.material"", ""display_name"": """", ""imported"": true, ""files"": ["".json""]}, {""id"": ""a65d0"", ""uuid"": ""49656df0-c58f-45a5-8b97-ff296d96fc48@a65d0"", ""importer"": ""gltf-material"", ""name"": ""MeshBasicMaterial-1.material"", ""display_name"": """", ""imported"": true, ""files"": ["".json""]}, {""id"": ""0063d"", ""uuid"": ""49656df0-c58f-45a5-8b97-ff296d96fc48@0063d"", ""importer"": ""gltf-material"", ""name"": ""MeshLambertMaterial-3.material"", ""display_name"": """", ""imported"": true, ""files"": ["".json""]}, {""id"": ""62dd1"", ""uuid"": ""49656df0-c58f-45a5-8b97-ff296d96fc48@62dd1"", ""importer"": ""gltf-material"", ""name"": ""MeshBasicMaterial-4.material"", ""display_name"": """", ""imported"": true, ""files"": ["".json""]}, {""id"": ""379e1"", ""uuid"": ""49656df0-c58f-45a5-8b97-ff296d96fc48@379e1"", ""importer"": ""gltf-scene"", ""name"": ""block_19.prefab"", ""display_name"": """", ""imported"": true, ""files"": ["".json""]}]"
assets/resources/jump/derived/models/block_20.glb,derived-model,备用模型,原平台id=20，高度/结构/奖励与核心台不同或未纳入白名单,无,只保留，不启用特殊平台行为,73b3d8b7-bb1c-470c-b5f2-3122c72a69ef,gltf,docs/参考资料/原始提取包/派生模型/block_20.glb,13804,c3c6634c262ca4e5ac2fd5d507c4e553dda41104a1dec41ab0e4b24026035ac1,"""""","[{""id"": ""85ade"", ""uuid"": ""73b3d8b7-bb1c-470c-b5f2-3122c72a69ef@85ade"", ""importer"": ""gltf-mesh"", ""name"": ""PlaneGeometry-0.mesh"", ""display_name"": """", ""imported"": true, ""files"": ["".bin"", "".json""]}, {""id"": ""ea392"", ""uuid"": ""73b3d8b7-bb1c-470c-b5f2-3122c72a69ef@ea392"", ""importer"": ""gltf-mesh"", ""name"": ""PlaneGeometry-1.mesh"", ""display_name"": """", ""imported"": true, ""files"": ["".bin"", "".json""]}, {""id"": ""6187b"", ""uuid"": ""73b3d8b7-bb1c-470c-b5f2-3122c72a69ef@6187b"", ""importer"": ""gltf-mesh"", ""name"": ""hitObj-2.mesh"", ""display_name"": """", ""imported"": true, ""files"": ["".bin"", "".json""]}, {""id"": ""58b04"", ""uuid"": ""73b3d8b7-bb1c-470c-b5f2-3122c72a69ef@58b04"", ""importer"": ""gltf-embeded-image"", ""name"": ""res/shadow.png.image"", ""display_name"": """", ""imported"": true, ""files"": ["".json"", "".png""]}, {""id"": ""c220e"", ""uuid"": ""73b3d8b7-bb1c-470c-b5f2-3122c72a69ef@c220e"", ""importer"": ""gltf-embeded-image"", ""name"": ""res/disk_light.png.image"", ""display_name"": """", ""imported"": true, ""files"": ["".json"", "".png""]}, {""id"": ""a37e6"", ""uuid"": ""73b3d8b7-bb1c-470c-b5f2-3122c72a69ef@a37e6"", ""importer"": ""gltf-embeded-image"", ""name"": ""res/disk.png.image"", ""display_name"": """", ""imported"": true, ""files"": ["".json"", "".png""]}, {""id"": ""e39ef"", ""uuid"": ""73b3d8b7-bb1c-470c-b5f2-3122c72a69ef@e39ef"", ""importer"": ""gltf-embeded-image"", ""name"": ""res/disk_dark.png.image"", ""display_name"": """", ""imported"": true, ""files"": ["".json"", "".png""]}, {""id"": ""3effa"", ""uuid"": ""73b3d8b7-bb1c-470c-b5f2-3122c72a69ef@3effa"", ""importer"": ""texture"", ""name"": ""UnnamedTexture-0.texture"", ""display_name"": """", ""imported"": true, ""files"": ["".json""]}, {""id"": ""221a5"", ""uuid"": ""73b3d8b7-bb1c-470c-b5f2-3122c72a69ef@221a5"", ""importer"": ""texture"", ""name"": ""UnnamedTexture-1.texture"", ""display_name"": """", ""imported"": true, ""files"": ["".json""]}, {""id"": ""0089c"", ""uuid"": ""73b3d8b7-bb1c-470c-b5f2-3122c72a69ef@0089c"", ""importer"": ""texture"", ""name"": ""UnnamedTexture-2.texture"", ""display_name"": """", ""imported"": true, ""files"": ["".json""]}, {""id"": ""9b633"", ""uuid"": ""73b3d8b7-bb1c-470c-b5f2-3122c72a69ef@9b633"", ""importer"": ""texture"", ""name"": ""UnnamedTexture-3.texture"", ""display_name"": """", ""imported"": true, ""files"": ["".json""]}, {""id"": ""80a7d"", ""uuid"": ""73b3d8b7-bb1c-470c-b5f2-3122c72a69ef@80a7d"", ""importer"": ""gltf-material"", ""name"": ""MeshBasicMaterial-0.material"", ""display_name"": """", ""imported"": true, ""files"": ["".json""]}, {""id"": ""a65d0"", ""uuid"": ""73b3d8b7-bb1c-470c-b5f2-3122c72a69ef@a65d0"", ""importer"": ""gltf-material"", ""name"": ""MeshBasicMaterial-1.material"", ""display_name"": """", ""imported"": true, ""files"": ["".json""]}, {""id"": ""39e74"", ""uuid"": ""73b3d8b7-bb1c-470c-b5f2-3122c72a69ef@39e74"", ""importer"": ""gltf-material"", ""name"": ""MeshLambertMaterial-2.material"", ""display_name"": """", ""imported"": true, ""files"": ["".json""]}, {""id"": ""09293"", ""uuid"": ""73b3d8b7-bb1c-470c-b5f2-3122c72a69ef@09293"", ""importer"": ""gltf-material"", ""name"": ""MeshBasicMaterial-3.material"", ""display_name"": """", ""imported"": true, ""files"": ["".json""]}, {""id"": ""cbc0b"", ""uuid"": ""73b3d8b7-bb1c-470c-b5f2-3122c72a69ef@cbc0b"", ""importer"": ""gltf-scene"", ""name"": ""block_20.prefab"", ""display_name"": """", ""imported"": true, ""files"": ["".json""]}]"
assets/resources/jump/derived/models/block_21.glb,derived-model,备用模型,原平台id=21，高度/结构/奖励与核心台不同或未纳入白名单,无,只保留，不启用特殊平台行为,6bfdd1a3-7bbb-4c58-aa6b-0fa7ecebb789,gltf,docs/参考资料/原始提取包/派生模型/block_21.glb,57464,8ddb866d264acc34404cf8dd17b404e02e504c5d5875d7c75133c069cdd2a1ad,"""""","[{""id"": ""17838"", ""uuid"": ""6bfdd1a3-7bbb-4c58-aa6b-0fa7ecebb789@17838"", ""importer"": ""gltf-material"", ""name"": ""MeshBasicMaterial-2.material"", ""display_name"": """", ""imported"": true, ""files"": ["".json""]}, {""id"": ""31e6c"", ""uuid"": ""6bfdd1a3-7bbb-4c58-aa6b-0fa7ecebb789@31e6c"", ""importer"": ""gltf-mesh"", ""name"": ""PlaneGeometry.mesh"", ""display_name"": """", ""imported"": true, ""files"": ["".bin"", "".json""]}, {""id"": ""823c7"", ""uuid"": ""6bfdd1a3-7bbb-4c58-aa6b-0fa7ecebb789@823c7"", ""importer"": ""gltf-mesh"", ""name"": ""hitObj.mesh"", ""display_name"": """", ""imported"": true, ""files"": ["".bin"", "".json""]}, {""id"": ""f867c"", ""uuid"": ""6bfdd1a3-7bbb-4c58-aa6b-0fa7ecebb789@f867c"", ""importer"": ""gltf-embeded-image"", ""name"": ""res/cylinder_shadow.png.image"", ""display_name"": """", ""imported"": true, ""files"": ["".json"", "".png""]}, {""id"": ""a8a28"", ""uuid"": ""6bfdd1a3-7bbb-4c58-aa6b-0fa7ecebb789@a8a28"", ""importer"": ""gltf-embeded-image"", ""name"": ""res/westore.png.image"", ""display_name"": """", ""imported"": true, ""files"": ["".json"", "".png""]}, {""id"": ""1e0c2"", ""uuid"": ""6bfdd1a3-7bbb-4c58-aa6b-0fa7ecebb789@1e0c2"", ""importer"": ""gltf-embeded-image"", ""name"": ""res/westore_desk.png.image"", ""display_name"": """", ""imported"": true, ""files"": ["".json"", "".png""]}, {""id"": ""3effa"", ""uuid"": ""6bfdd1a3-7bbb-4c58-aa6b-0fa7ecebb789@3effa"", ""importer"": ""texture"", ""name"": ""UnnamedTexture-0.texture"", ""display_name"": """", ""imported"": true, ""files"": ["".json""]}, {""id"": ""221a5"", ""uuid"": ""6bfdd1a3-7bbb-4c58-aa6b-0fa7ecebb789@221a5"", ""importer"": ""texture"", ""name"": ""UnnamedTexture-1.texture"", ""display_name"": """", ""imported"": true, ""files"": ["".json""]}, {""id"": ""0089c"", ""uuid"": ""6bfdd1a3-7bbb-4c58-aa6b-0fa7ecebb789@0089c"", ""importer"": ""texture"", ""name"": ""UnnamedTexture-2.texture"", ""display_name"": """", ""imported"": true, ""files"": ["".json""]}, {""id"": ""80a7d"", ""uuid"": ""6bfdd1a3-7bbb-4c58-aa6b-0fa7ecebb789@80a7d"", ""importer"": ""gltf-material"", ""name"": ""MeshBasicMaterial-0.material"", ""display_name"": """", ""imported"": true, ""files"": ["".json""]}, {""id"": ""a65d0"", ""uuid"": ""6bfdd1a3-7bbb-4c58-aa6b-0fa7ecebb789@a65d0"", ""importer"": ""gltf-material"", ""name"": ""MeshBasicMaterial-1.material"", ""display_name"": """", ""imported"": true, ""files"": ["".json""]}, {""id"": ""0063d"", ""uuid"": ""6bfdd1a3-7bbb-4c58-aa6b-0fa7ecebb789@0063d"", ""importer"": ""gltf-material"", ""name"": ""MeshLambertMaterial-3.material"", ""display_name"": """", ""imported"": true, ""files"": ["".json""]}, {""id"": ""c76ee"", ""uuid"": ""6bfdd1a3-7bbb-4c58-aa6b-0fa7ecebb789@c76ee"", ""importer"": ""gltf-scene"", ""name"": ""block_21.prefab"", ""display_name"": """", ""imported"": true, ""files"": ["".json""]}]"
assets/resources/jump/derived/models/block_22.glb,derived-model,备用模型,原平台id=22，高度/结构/奖励与核心台不同或未纳入白名单,无,只保留，不启用特殊平台行为,b8cb8d90-5cd4-4eeb-8d2c-bcf4c0188414,gltf,docs/参考资料/原始提取包/派生模型/block_22.glb,9592,908af1d9dc98aff4381d58df0dcebe0074d3088f80d9574ec38f171413deb7b5,"""""","[{""id"": ""40313"", ""uuid"": ""b8cb8d90-5cd4-4eeb-8d2c-bcf4c0188414@40313"", ""importer"": ""gltf-embeded-image"", ""name"": ""res/gift.png.image"", ""display_name"": """", ""imported"": true, ""files"": ["".json"", "".png""]}, {""id"": ""31e6c"", ""uuid"": ""b8cb8d90-5cd4-4eeb-8d2c-bcf4c0188414@31e6c"", ""importer"": ""gltf-mesh"", ""name"": ""PlaneGeometry.mesh"", ""display_name"": """", ""imported"": true, ""files"": ["".bin"", "".json""]}, {""id"": ""823c7"", ""uuid"": ""b8cb8d90-5cd4-4eeb-8d2c-bcf4c0188414@823c7"", ""importer"": ""gltf-mesh"", ""name"": ""hitObj.mesh"", ""display_name"": """", ""imported"": true, ""files"": ["".bin"", "".json""]}, {""id"": ""58b04"", ""uuid"": ""b8cb8d90-5cd4-4eeb-8d2c-bcf4c0188414@58b04"", ""importer"": ""gltf-embeded-image"", ""name"": ""res/shadow.png.image"", ""display_name"": """", ""imported"": true, ""files"": ["".json"", "".png""]}, {""id"": ""3effa"", ""uuid"": ""b8cb8d90-5cd4-4eeb-8d2c-bcf4c0188414@3effa"", ""importer"": ""texture"", ""name"": ""UnnamedTexture-0.texture"", ""display_name"": """", ""imported"": true, ""files"": ["".json""]}, {""id"": ""221a5"", ""uuid"": ""b8cb8d90-5cd4-4eeb-8d2c-bcf4c0188414@221a5"", ""importer"": ""texture"", ""name"": ""UnnamedTexture-1.texture"", ""display_name"": """", ""imported"": true, ""files"": ["".json""]}, {""id"": ""80a7d"", ""uuid"": ""b8cb8d90-5cd4-4eeb-8d2c-bcf4c0188414@80a7d"", ""importer"": ""gltf-material"", ""name"": ""MeshBasicMaterial-0.material"", ""display_name"": """", ""imported"": true, ""files"": ["".json""]}, {""id"": ""fdb1e"", ""uuid"": ""b8cb8d90-5cd4-4eeb-8d2c-bcf4c0188414@fdb1e"", ""importer"": ""gltf-material"", ""name"": ""MeshLambertMaterial-1.material"", ""display_name"": """", ""imported"": true, ""files"": ["".json""]}, {""id"": ""39e74"", ""uuid"": ""b8cb8d90-5cd4-4eeb-8d2c-bcf4c0188414@39e74"", ""importer"": ""gltf-material"", ""name"": ""MeshLambertMaterial-2.material"", ""display_name"": """", ""imported"": true, ""files"": ["".json""]}, {""id"": ""5432c"", ""uuid"": ""b8cb8d90-5cd4-4eeb-8d2c-bcf4c0188414@5432c"", ""importer"": ""gltf-scene"", ""name"": ""block_22.prefab"", ""display_name"": """", ""imported"": true, ""files"": ["".json""]}]"
assets/resources/jump/derived/models/block_23.glb,derived-model,备用模型,原平台id=23，高度/结构/奖励与核心台不同或未纳入白名单,无,只保留，不启用特殊平台行为,70ca3341-ea9c-4d8d-9531-370b3a911265,gltf,docs/参考资料/原始提取包/派生模型/block_23.glb,78456,229545a63712ac5a8fd4f1aec6e9ffef4d57495205c6f15323c34955f55c1e3d,"""""","[{""id"": ""31e6c"", ""uuid"": ""70ca3341-ea9c-4d8d-9531-370b3a911265@31e6c"", ""importer"": ""gltf-mesh"", ""name"": ""PlaneGeometry.mesh"", ""display_name"": """", ""imported"": true, ""files"": ["".bin"", "".json""]}, {""id"": ""823c7"", ""uuid"": ""70ca3341-ea9c-4d8d-9531-370b3a911265@823c7"", ""importer"": ""gltf-mesh"", ""name"": ""hitObj.mesh"", ""display_name"": """", ""imported"": true, ""files"": ["".bin"", "".json""]}, {""id"": ""f1410"", ""uuid"": ""70ca3341-ea9c-4d8d-9531-370b3a911265@f1410"", ""importer"": ""gltf-embeded-image"", ""name"": ""res/stool_shadow.png.image"", ""display_name"": """", ""imported"": true, ""files"": ["".json"", "".png""]}, {""id"": ""448bc"", ""uuid"": ""70ca3341-ea9c-4d8d-9531-370b3a911265@448bc"", ""importer"": ""gltf-embeded-image"", ""name"": ""res/stool.png.image"", ""display_name"": """", ""imported"": true, ""files"": ["".json"", "".png""]}, {""id"": ""3effa"", ""uuid"": ""70ca3341-ea9c-4d8d-9531-370b3a911265@3effa"", ""importer"": ""texture"", ""name"": ""UnnamedTexture-0.texture"", ""display_name"": """", ""imported"": true, ""files"": ["".json""]}, {""id"": ""221a5"", ""uuid"": ""70ca3341-ea9c-4d8d-9531-370b3a911265@221a5"", ""importer"": ""texture"", ""name"": ""UnnamedTexture-1.texture"", ""display_name"": """", ""imported"": true, ""files"": ["".json""]}, {""id"": ""f9753"", ""uuid"": ""70ca3341-ea9c-4d8d-9531-370b3a911265@f9753"", ""importer"": ""gltf-material"", ""name"": ""MeshBasicMaterial.material"", ""display_name"": """", ""imported"": true, ""files"": ["".json""]}, {""id"": ""3770e"", ""uuid"": ""70ca3341-ea9c-4d8d-9531-370b3a911265@3770e"", ""importer"": ""gltf-material"", ""name"": ""MeshLambertMaterial.material"", ""display_name"": """", ""imported"": true, ""files"": ["".json""]}, {""id"": ""2a3ae"", ""uuid"": ""70ca3341-ea9c-4d8d-9531-370b3a911265@2a3ae"", ""importer"": ""gltf-scene"", ""name"": ""block_23.prefab"", ""display_name"": """", ""imported"": true, ""files"": ["".json""]}]"
assets/resources/jump/derived/models/block_24.glb,derived-model,备用模型,原平台id=24，高度/结构/奖励与核心台不同或未纳入白名单,无,只保留，不启用特殊平台行为,a1e3c9dd-c974-435a-b2fc-af37a1c5ef5e,gltf,docs/参考资料/原始提取包/派生模型/block_24.glb,20212,0dfe84ff1d7a6a2f8764e1a337d14d4b9530de82adad792c0c1c0ca34a7b88a3,"""""","[{""id"": ""17838"", ""uuid"": ""a1e3c9dd-c974-435a-b2fc-af37a1c5ef5e@17838"", ""importer"": ""gltf-material"", ""name"": ""MeshBasicMaterial-2.material"", ""display_name"": """", ""imported"": true, ""files"": ["".json""]}, {""id"": ""50743"", ""uuid"": ""a1e3c9dd-c974-435a-b2fc-af37a1c5ef5e@50743"", ""importer"": ""texture"", ""name"": ""UnnamedTexture-5.texture"", ""display_name"": """", ""imported"": true, ""files"": ["".json""]}, {""id"": ""85567"", ""uuid"": ""a1e3c9dd-c974-435a-b2fc-af37a1c5ef5e@85567"", ""importer"": ""gltf-scene"", ""name"": ""block_24.prefab"", ""display_name"": """", ""imported"": true, ""files"": ["".json""]}, {""id"": ""85ade"", ""uuid"": ""a1e3c9dd-c974-435a-b2fc-af37a1c5ef5e@85ade"", ""importer"": ""gltf-mesh"", ""name"": ""PlaneGeometry-0.mesh"", ""display_name"": """", ""imported"": true, ""files"": ["".bin"", "".json""]}, {""id"": ""ea392"", ""uuid"": ""a1e3c9dd-c974-435a-b2fc-af37a1c5ef5e@ea392"", ""importer"": ""gltf-mesh"", ""name"": ""PlaneGeometry-1.mesh"", ""display_name"": """", ""imported"": true, ""files"": ["".bin"", "".json""]}, {""id"": ""c3312"", ""uuid"": ""a1e3c9dd-c974-435a-b2fc-af37a1c5ef5e@c3312"", ""importer"": ""gltf-mesh"", ""name"": ""PlaneGeometry-2.mesh"", ""display_name"": """", ""imported"": true, ""files"": ["".bin"", "".json""]}, {""id"": ""802ce"", ""uuid"": ""a1e3c9dd-c974-435a-b2fc-af37a1c5ef5e@802ce"", ""importer"": ""gltf-mesh"", ""name"": ""hitObj-3.mesh"", ""display_name"": """", ""imported"": true, ""files"": ["".bin"", "".json""]}, {""id"": ""58b04"", ""uuid"": ""a1e3c9dd-c974-435a-b2fc-af37a1c5ef5e@58b04"", ""importer"": ""gltf-embeded-image"", ""name"": ""res/shadow.png.image"", ""display_name"": """", ""imported"": true, ""files"": ["".json"", "".png""]}, {""id"": ""a4b88"", ""uuid"": ""a1e3c9dd-c974-435a-b2fc-af37a1c5ef5e@a4b88"", ""importer"": ""gltf-embeded-image"", ""name"": ""res/door.png.image"", ""display_name"": """", ""imported"": true, ""files"": ["".json"", "".png""]}, {""id"": ""4948f"", ""uuid"": ""a1e3c9dd-c974-435a-b2fc-af37a1c5ef5e@4948f"", ""importer"": ""gltf-embeded-image"", ""name"": ""res/second_door.png.image"", ""display_name"": """", ""imported"": true, ""files"": ["".json"", "".png""]}, {""id"": ""99d5b"", ""uuid"": ""a1e3c9dd-c974-435a-b2fc-af37a1c5ef5e@99d5b"", ""importer"": ""gltf-embeded-image"", ""name"": ""res/store_top.png.image"", ""display_name"": """", ""imported"": true, ""files"": ["".json"", "".png""]}, {""id"": ""994ce"", ""uuid"": ""a1e3c9dd-c974-435a-b2fc-af37a1c5ef5e@994ce"", ""importer"": ""gltf-embeded-image"", ""name"": ""res/store_bottom.png.image"", ""display_name"": """", ""imported"": true, ""files"": ["".json"", "".png""]}, {""id"": ""8aa60"", ""uuid"": ""a1e3c9dd-c974-435a-b2fc-af37a1c5ef5e@8aa60"", ""importer"": ""gltf-embeded-image"", ""name"": ""res/indoor.png.image"", ""display_name"": """", ""imported"": true, ""files"": ["".json"", "".png""]}, {""id"": ""3effa"", ""uuid"": ""a1e3c9dd-c974-435a-b2fc-af37a1c5ef5e@3effa"", ""importer"": ""texture"", ""name"": ""UnnamedTexture-0.texture"", ""display_name"": """", ""imported"": true, ""files"": ["".json""]}, {""id"": ""221a5"", ""uuid"": ""a1e3c9dd-c974-435a-b2fc-af37a1c5ef5e@221a5"", ""importer"": ""texture"", ""name"": ""UnnamedTexture-1.texture"", ""display_name"": """", ""imported"": true, ""files"": ["".json""]}, {""id"": ""0089c"", ""uuid"": ""a1e3c9dd-c974-435a-b2fc-af37a1c5ef5e@0089c"", ""importer"": ""texture"", ""name"": ""UnnamedTexture-2.texture"", ""display_name"": """", ""imported"": true, ""files"": ["".json""]}, {""id"": ""9b633"", ""uuid"": ""a1e3c9dd-c974-435a-b2fc-af37a1c5ef5e@9b633"", ""importer"": ""texture"", ""name"": ""UnnamedTexture-3.texture"", ""display_name"": """", ""imported"": true, ""files"": ["".json""]}, {""id"": ""9b782"", ""uuid"": ""a1e3c9dd-c974-435a-b2fc-af37a1c5ef5e@9b782"", ""importer"": ""texture"", ""name"": ""UnnamedTexture-4.texture"", ""display_name"": """", ""imported"": true, ""files"": ["".json""]}, {""id"": ""80a7d"", ""uuid"": ""a1e3c9dd-c974-435a-b2fc-af37a1c5ef5e@80a7d"", ""importer"": ""gltf-material"", ""name"": ""MeshBasicMaterial-0.material"", ""display_name"": """", ""imported"": true, ""files"": ["".json""]}, {""id"": ""a65d0"", ""uuid"": ""a1e3c9dd-c974-435a-b2fc-af37a1c5ef5e@a65d0"", ""importer"": ""gltf-material"", ""name"": ""MeshBasicMaterial-1.material"", ""display_name"": """", ""imported"": true, ""files"": ["".json""]}, {""id"": ""0063d"", ""uuid"": ""a1e3c9dd-c974-435a-b2fc-af37a1c5ef5e@0063d"", ""importer"": ""gltf-material"", ""name"": ""MeshLambertMaterial-3.material"", ""display_name"": """", ""imported"": true, ""files"": ["".json""]}, {""id"": ""62dd1"", ""uuid"": ""a1e3c9dd-c974-435a-b2fc-af37a1c5ef5e@62dd1"", ""importer"": ""gltf-material"", ""name"": ""MeshBasicMaterial-4.material"", ""display_name"": """", ""imported"": true, ""files"": ["".json""]}, {""id"": ""62a65"", ""uuid"": ""a1e3c9dd-c974-435a-b2fc-af37a1c5ef5e@62a65"", ""importer"": ""gltf-material"", ""name"": ""MeshBasicMaterial-5.material"", ""display_name"": """", ""imported"": true, ""files"": ["".json""]}]"
assets/resources/jump/derived/models/block_25.glb,derived-model,备用模型,原平台id=25，高度/结构/奖励与核心台不同或未纳入白名单,无,只保留，不启用特殊平台行为,91682954-2457-4c34-b90f-7f9c67bf1008,gltf,docs/参考资料/原始提取包/派生模型/block_25.glb,45436,fefad2daf68b9a93b237ebc7e1a0e656a750da4bf1013389f575c3d67954d778,"""""","[{""id"": ""17838"", ""uuid"": ""91682954-2457-4c34-b90f-7f9c67bf1008@17838"", ""importer"": ""gltf-material"", ""name"": ""MeshBasicMaterial-2.material"", ""display_name"": """", ""imported"": true, ""files"": ["".json""]}, {""id"": ""50743"", ""uuid"": ""91682954-2457-4c34-b90f-7f9c67bf1008@50743"", ""importer"": ""texture"", ""name"": ""UnnamedTexture-5.texture"", ""display_name"": """", ""imported"": true, ""files"": ["".json""]}, {""id"": ""85ade"", ""uuid"": ""91682954-2457-4c34-b90f-7f9c67bf1008@85ade"", ""importer"": ""gltf-mesh"", ""name"": ""PlaneGeometry-0.mesh"", ""display_name"": """", ""imported"": true, ""files"": ["".bin"", "".json""]}, {""id"": ""ea392"", ""uuid"": ""91682954-2457-4c34-b90f-7f9c67bf1008@ea392"", ""importer"": ""gltf-mesh"", ""name"": ""PlaneGeometry-1.mesh"", ""display_name"": """", ""imported"": true, ""files"": ["".bin"", "".json""]}, {""id"": ""c3312"", ""uuid"": ""91682954-2457-4c34-b90f-7f9c67bf1008@c3312"", ""importer"": ""gltf-mesh"", ""name"": ""PlaneGeometry-2.mesh"", ""display_name"": """", ""imported"": true, ""files"": ["".bin"", "".json""]}, {""id"": ""1c992"", ""uuid"": ""91682954-2457-4c34-b90f-7f9c67bf1008@1c992"", ""importer"": ""gltf-mesh"", ""name"": ""PlaneGeometry-3.mesh"", ""display_name"": """", ""imported"": true, ""files"": ["".bin"", "".json""]}, {""id"": ""5e624"", ""uuid"": ""91682954-2457-4c34-b90f-7f9c67bf1008@5e624"", ""importer"": ""gltf-mesh"", ""name"": ""PlaneGeometry-4.mesh"", ""display_name"": """", ""imported"": true, ""files"": ["".bin"", "".json""]}, {""id"": ""4f7b2"", ""uuid"": ""91682954-2457-4c34-b90f-7f9c67bf1008@4f7b2"", ""importer"": ""gltf-mesh"", ""name"": ""PlaneGeometry-5.mesh"", ""display_name"": """", ""imported"": true, ""files"": ["".bin"", "".json""]}, {""id"": ""ba3b5"", ""uuid"": ""91682954-2457-4c34-b90f-7f9c67bf1008@ba3b5"", ""importer"": ""gltf-mesh"", ""name"": ""hitObj-6.mesh"", ""display_name"": """", ""imported"": true, ""files"": ["".bin"", "".json""]}, {""id"": ""58b04"", ""uuid"": ""91682954-2457-4c34-b90f-7f9c67bf1008@58b04"", ""importer"": ""gltf-embeded-image"", ""name"": ""res/shadow.png.image"", ""display_name"": """", ""imported"": true, ""files"": ["".json"", "".png""]}, {""id"": ""87a12"", ""uuid"": ""91682954-2457-4c34-b90f-7f9c67bf1008@87a12"", ""importer"": ""gltf-embeded-image"", ""name"": ""res/point.png.image"", ""display_name"": """", ""imported"": true, ""files"": ["".json"", "".png""]}, {""id"": ""d008f"", ""uuid"": ""91682954-2457-4c34-b90f-7f9c67bf1008@d008f"", ""importer"": ""gltf-embeded-image"", ""name"": ""res/0.png.image"", ""display_name"": """", ""imported"": true, ""files"": ["".json"", "".png""]}, {""id"": ""47e02"", ""uuid"": ""91682954-2457-4c34-b90f-7f9c67bf1008@47e02"", ""importer"": ""gltf-embeded-image"", ""name"": ""res/1.png.image"", ""display_name"": """", ""imported"": true, ""files"": ["".json"", "".png""]}, {""id"": ""f974c"", ""uuid"": ""91682954-2457-4c34-b90f-7f9c67bf1008@f974c"", ""importer"": ""gltf-embeded-image"", ""name"": ""res/6.png.image"", ""display_name"": """", ""imported"": true, ""files"": ["".json"", "".png""]}, {""id"": ""f4dd8"", ""uuid"": ""91682954-2457-4c34-b90f-7f9c67bf1008@f4dd8"", ""importer"": ""gltf-embeded-image"", ""name"": ""res/7.png.image"", ""display_name"": """", ""imported"": true, ""files"": ["".json"", "".png""]}, {""id"": ""6d907"", ""uuid"": ""91682954-2457-4c34-b90f-7f9c67bf1008@6d907"", ""importer"": ""gltf-embeded-image"", ""name"": ""res/clock.png.image"", ""display_name"": """", ""imported"": true, ""files"": ["".json"", "".png""]}, {""id"": ""2983a"", ""uuid"": ""91682954-2457-4c34-b90f-7f9c67bf1008@2983a"", ""importer"": ""gltf-embeded-image"", ""name"": ""res/stripe.png.image"", ""display_name"": """", ""imported"": true, ""files"": ["".json"", "".png""]}, {""id"": ""3effa"", ""uuid"": ""91682954-2457-4c34-b90f-7f9c67bf1008@3effa"", ""importer"": ""texture"", ""name"": ""UnnamedTexture-0.texture"", ""display_name"": """", ""imported"": true, ""files"": ["".json""]}, {""id"": ""221a5"", ""uuid"": ""91682954-2457-4c34-b90f-7f9c67bf1008@221a5"", ""importer"": ""texture"", ""name"": ""UnnamedTexture-1.texture"", ""display_name"": """", ""imported"": true, ""files"": ["".json""]}, {""id"": ""0089c"", ""uuid"": ""91682954-2457-4c34-b90f-7f9c67bf1008@0089c"", ""importer"": ""texture"", ""name"": ""UnnamedTexture-2.texture"", ""display_name"": """", ""imported"": true, ""files"": ["".json""]}, {""id"": ""9b633"", ""uuid"": ""91682954-2457-4c34-b90f-7f9c67bf1008@9b633"", ""importer"": ""texture"", ""name"": ""UnnamedTexture-3.texture"", ""display_name"": """", ""imported"": true, ""files"": ["".json""]}, {""id"": ""9b782"", ""uuid"": ""91682954-2457-4c34-b90f-7f9c67bf1008@9b782"", ""importer"": ""texture"", ""name"": ""UnnamedTexture-4.texture"", ""display_name"": """", ""imported"": true, ""files"": ["".json""]}, {""id"": ""99ea5"", ""uuid"": ""91682954-2457-4c34-b90f-7f9c67bf1008@99ea5"", ""importer"": ""texture"", ""name"": ""UnnamedTexture-6.texture"", ""display_name"": """", ""imported"": true, ""files"": ["".json""]}, {""id"": ""006bd"", ""uuid"": ""91682954-2457-4c34-b90f-7f9c67bf1008@006bd"", ""importer"": ""texture"", ""name"": ""UnnamedTexture-7.texture"", ""display_name"": """", ""imported"": true, ""files"": ["".json""]}, {""id"": ""80a7d"", ""uuid"": ""91682954-2457-4c34-b90f-7f9c67bf1008@80a7d"", ""importer"": ""gltf-material"", ""name"": ""MeshBasicMaterial-0.material"", ""display_name"": """", ""imported"": true, ""files"": ["".json""]}, {""id"": ""a65d0"", ""uuid"": ""91682954-2457-4c34-b90f-7f9c67bf1008@a65d0"", ""importer"": ""gltf-material"", ""name"": ""MeshBasicMaterial-1.material"", ""display_name"": """", ""imported"": true, ""files"": ["".json""]}, {""id"": ""09293"", ""uuid"": ""91682954-2457-4c34-b90f-7f9c67bf1008@09293"", ""importer"": ""gltf-material"", ""name"": ""MeshBasicMaterial-3.material"", ""display_name"": """", ""imported"": true, ""files"": ["".json""]}, {""id"": ""62dd1"", ""uuid"": ""91682954-2457-4c34-b90f-7f9c67bf1008@62dd1"", ""importer"": ""gltf-material"", ""name"": ""MeshBasicMaterial-4.material"", ""display_name"": """", ""imported"": true, ""files"": ["".json""]}, {""id"": ""62a65"", ""uuid"": ""91682954-2457-4c34-b90f-7f9c67bf1008@62a65"", ""importer"": ""gltf-material"", ""name"": ""MeshBasicMaterial-5.material"", ""display_name"": """", ""imported"": true, ""files"": ["".json""]}, {""id"": ""2c73f"", ""uuid"": ""91682954-2457-4c34-b90f-7f9c67bf1008@2c73f"", ""importer"": ""gltf-material"", ""name"": ""MeshLambertMaterial-6.material"", ""display_name"": """", ""imported"": true, ""files"": ["".json""]}, {""id"": ""ee975"", ""uuid"": ""91682954-2457-4c34-b90f-7f9c67bf1008@ee975"", ""importer"": ""gltf-material"", ""name"": ""MeshBasicMaterial-7.material"", ""display_name"": """", ""imported"": true, ""files"": ["".json""]}, {""id"": ""a6833"", ""uuid"": ""91682954-2457-4c34-b90f-7f9c67bf1008@a6833"", ""importer"": ""gltf-scene"", ""name"": ""block_25.prefab"", ""display_name"": """", ""imported"": true, ""files"": ["".json""]}]"
assets/resources/jump/derived/models/block_26.glb,derived-model,备用模型,原平台id=26，高度/结构/奖励与核心台不同或未纳入白名单,无,只保留，不启用特殊平台行为,adf47c8d-3f94-4d26-a8e3-d3c2579ffc0d,gltf,docs/参考资料/原始提取包/派生模型/block_26.glb,79880,c50ff256bedee213ca9bf4ba630ef00949136ac3f2c3cc675286689eeaa3bfcb,"""""","[{""id"": ""31e6c"", ""uuid"": ""adf47c8d-3f94-4d26-a8e3-d3c2579ffc0d@31e6c"", ""importer"": ""gltf-mesh"", ""name"": ""PlaneGeometry.mesh"", ""display_name"": """", ""imported"": true, ""files"": ["".bin"", "".json""]}, {""id"": ""823c7"", ""uuid"": ""adf47c8d-3f94-4d26-a8e3-d3c2579ffc0d@823c7"", ""importer"": ""gltf-mesh"", ""name"": ""hitObj.mesh"", ""display_name"": """", ""imported"": true, ""files"": ["".bin"", "".json""]}, {""id"": ""58b04"", ""uuid"": ""adf47c8d-3f94-4d26-a8e3-d3c2579ffc0d@58b04"", ""importer"": ""gltf-embeded-image"", ""name"": ""res/shadow.png.image"", ""display_name"": """", ""imported"": true, ""files"": ["".json"", "".png""]}, {""id"": ""63b81"", ""uuid"": ""adf47c8d-3f94-4d26-a8e3-d3c2579ffc0d@63b81"", ""importer"": ""gltf-embeded-image"", ""name"": ""res/well.png.image"", ""display_name"": """", ""imported"": true, ""files"": ["".json"", "".png""]}, {""id"": ""3effa"", ""uuid"": ""adf47c8d-3f94-4d26-a8e3-d3c2579ffc0d@3effa"", ""importer"": ""texture"", ""name"": ""UnnamedTexture-0.texture"", ""display_name"": """", ""imported"": true, ""files"": ["".json""]}, {""id"": ""221a5"", ""uuid"": ""adf47c8d-3f94-4d26-a8e3-d3c2579ffc0d@221a5"", ""importer"": ""texture"", ""name"": ""UnnamedTexture-1.texture"", ""display_name"": """", ""imported"": true, ""files"": ["".json""]}, {""id"": ""f9753"", ""uuid"": ""adf47c8d-3f94-4d26-a8e3-d3c2579ffc0d@f9753"", ""importer"": ""gltf-material"", ""name"": ""MeshBasicMaterial.material"", ""display_name"": """", ""imported"": true, ""files"": ["".json""]}, {""id"": ""3770e"", ""uuid"": ""adf47c8d-3f94-4d26-a8e3-d3c2579ffc0d@3770e"", ""importer"": ""gltf-material"", ""name"": ""MeshLambertMaterial.material"", ""display_name"": """", ""imported"": true, ""files"": ["".json""]}, {""id"": ""2719a"", ""uuid"": ""adf47c8d-3f94-4d26-a8e3-d3c2579ffc0d@2719a"", ""importer"": ""gltf-scene"", ""name"": ""block_26.prefab"", ""display_name"": """", ""imported"": true, ""files"": ["".json""]}]"
assets/resources/jump/derived/models/block_27.glb,derived-model,备用模型,原平台id=27，高度/结构/奖励与核心台不同或未纳入白名单,无,只保留，不启用特殊平台行为,c9c2f4dc-9de4-44f2-aace-581148552322,gltf,docs/参考资料/原始提取包/派生模型/block_27.glb,126668,05d9ddc1100cf91319983215d721c24b0f78da528e6ac9cee128563ca03ad510,"""""","[{""id"": ""13289"", ""uuid"": ""c9c2f4dc-9de4-44f2-aace-581148552322@13289"", ""importer"": ""gltf-material"", ""name"": ""MeshLambertMaterial-4.material"", ""display_name"": """", ""imported"": true, ""files"": ["".json""]}, {""id"": ""17838"", ""uuid"": ""c9c2f4dc-9de4-44f2-aace-581148552322@17838"", ""importer"": ""gltf-material"", ""name"": ""MeshBasicMaterial-2.material"", ""display_name"": """", ""imported"": true, ""files"": ["".json""]}, {""id"": ""69830"", ""uuid"": ""c9c2f4dc-9de4-44f2-aace-581148552322@69830"", ""importer"": ""gltf-embeded-image"", ""name"": ""res/golf_top.png.image"", ""display_name"": """", ""imported"": true, ""files"": ["".json"", "".png""]}, {""id"": ""94627"", ""uuid"": ""c9c2f4dc-9de4-44f2-aace-581148552322@94627"", ""importer"": ""gltf-embeded-image"", ""name"": ""res/flag.png.image"", ""display_name"": """", ""imported"": true, ""files"": ["".json"", "".png""]}, {""id"": ""65db5"", ""uuid"": ""c9c2f4dc-9de4-44f2-aace-581148552322@65db5"", ""importer"": ""gltf-mesh"", ""name"": ""SphereGeometry-0.mesh"", ""display_name"": """", ""imported"": true, ""files"": ["".bin"", "".json""]}, {""id"": ""ea392"", ""uuid"": ""c9c2f4dc-9de4-44f2-aace-581148552322@ea392"", ""importer"": ""gltf-mesh"", ""name"": ""PlaneGeometry-1.mesh"", ""display_name"": """", ""imported"": true, ""files"": ["".bin"", "".json""]}, {""id"": ""c3312"", ""uuid"": ""c9c2f4dc-9de4-44f2-aace-581148552322@c3312"", ""importer"": ""gltf-mesh"", ""name"": ""PlaneGeometry-2.mesh"", ""display_name"": """", ""imported"": true, ""files"": ["".bin"", "".json""]}, {""id"": ""802ce"", ""uuid"": ""c9c2f4dc-9de4-44f2-aace-581148552322@802ce"", ""importer"": ""gltf-mesh"", ""name"": ""hitObj-3.mesh"", ""display_name"": """", ""imported"": true, ""files"": ["".bin"", "".json""]}, {""id"": ""f867c"", ""uuid"": ""c9c2f4dc-9de4-44f2-aace-581148552322@f867c"", ""importer"": ""gltf-embeded-image"", ""name"": ""res/cylinder_shadow.png.image"", ""display_name"": """", ""imported"": true, ""files"": ["".json"", "".png""]}, {""id"": ""a6817"", ""uuid"": ""c9c2f4dc-9de4-44f2-aace-581148552322@a6817"", ""importer"": ""gltf-embeded-image"", ""name"": ""res/golf_bottom.png.image"", ""display_name"": """", ""imported"": true, ""files"": ["".json"", "".png""]}, {""id"": ""3effa"", ""uuid"": ""c9c2f4dc-9de4-44f2-aace-581148552322@3effa"", ""importer"": ""texture"", ""name"": ""UnnamedTexture-0.texture"", ""display_name"": """", ""imported"": true, ""files"": ["".json""]}, {""id"": ""221a5"", ""uuid"": ""c9c2f4dc-9de4-44f2-aace-581148552322@221a5"", ""importer"": ""texture"", ""name"": ""UnnamedTexture-1.texture"", ""display_name"": """", ""imported"": true, ""files"": ["".json""]}, {""id"": ""0089c"", ""uuid"": ""c9c2f4dc-9de4-44f2-aace-581148552322@0089c"", ""importer"": ""texture"", ""name"": ""UnnamedTexture-2.texture"", ""display_name"": """", ""imported"": true, ""files"": ["".json""]}, {""id"": ""9b633"", ""uuid"": ""c9c2f4dc-9de4-44f2-aace-581148552322@9b633"", ""importer"": ""texture"", ""name"": ""UnnamedTexture-3.texture"", ""display_name"": """", ""imported"": true, ""files"": ["".json""]}, {""id"": ""9c65f"", ""uuid"": ""c9c2f4dc-9de4-44f2-aace-581148552322@9c65f"", ""importer"": ""gltf-material"", ""name"": ""MeshLambertMaterial-0.material"", ""display_name"": """", ""imported"": true, ""files"": ["".json""]}, {""id"": ""a65d0"", ""uuid"": ""c9c2f4dc-9de4-44f2-aace-581148552322@a65d0"", ""importer"": ""gltf-material"", ""name"": ""MeshBasicMaterial-1.material"", ""display_name"": """", ""imported"": true, ""files"": ["".json""]}, {""id"": ""09293"", ""uuid"": ""c9c2f4dc-9de4-44f2-aace-581148552322@09293"", ""importer"": ""gltf-material"", ""name"": ""MeshBasicMaterial-3.material"", ""display_name"": """", ""imported"": true, ""files"": ["".json""]}, {""id"": ""5b797"", ""uuid"": ""c9c2f4dc-9de4-44f2-aace-581148552322@5b797"", ""importer"": ""gltf-scene"", ""name"": ""block_27.prefab"", ""display_name"": """", ""imported"": true, ""files"": ["".json""]}]"
assets/resources/jump/derived/models/block_28.glb,derived-model,备用模型,原平台id=28，高度/结构/奖励与核心台不同或未纳入白名单,无,只保留，不启用特殊平台行为,1ad91796-2467-4fd4-93b3-551dd3dd2a7d,gltf,docs/参考资料/原始提取包/派生模型/block_28.glb,38264,99e73b5ad06314d8c69f24383bd3fccc65c4c1057d523deb3c08e6477292cf40,"""""","[{""id"": ""31e6c"", ""uuid"": ""1ad91796-2467-4fd4-93b3-551dd3dd2a7d@31e6c"", ""importer"": ""gltf-mesh"", ""name"": ""PlaneGeometry.mesh"", ""display_name"": """", ""imported"": true, ""files"": ["".bin"", "".json""]}, {""id"": ""823c7"", ""uuid"": ""1ad91796-2467-4fd4-93b3-551dd3dd2a7d@823c7"", ""importer"": ""gltf-mesh"", ""name"": ""hitObj.mesh"", ""display_name"": """", ""imported"": true, ""files"": ["".bin"", "".json""]}, {""id"": ""f867c"", ""uuid"": ""1ad91796-2467-4fd4-93b3-551dd3dd2a7d@f867c"", ""importer"": ""gltf-embeded-image"", ""name"": ""res/cylinder_shadow.png.image"", ""display_name"": """", ""imported"": true, ""files"": ["".json"", "".png""]}, {""id"": ""2b092"", ""uuid"": ""1ad91796-2467-4fd4-93b3-551dd3dd2a7d@2b092"", ""importer"": ""gltf-embeded-image"", ""name"": ""res/paper_bottom.png.image"", ""display_name"": """", ""imported"": true, ""files"": ["".json"", "".png""]}, {""id"": ""8122c"", ""uuid"": ""1ad91796-2467-4fd4-93b3-551dd3dd2a7d@8122c"", ""importer"": ""gltf-embeded-image"", ""name"": ""res/paper_top.png.image"", ""display_name"": """", ""imported"": true, ""files"": ["".json"", "".png""]}, {""id"": ""3effa"", ""uuid"": ""1ad91796-2467-4fd4-93b3-551dd3dd2a7d@3effa"", ""importer"": ""texture"", ""name"": ""UnnamedTexture-0.texture"", ""display_name"": """", ""imported"": true, ""files"": ["".json""]}, {""id"": ""221a5"", ""uuid"": ""1ad91796-2467-4fd4-93b3-551dd3dd2a7d@221a5"", ""importer"": ""texture"", ""name"": ""UnnamedTexture-1.texture"", ""display_name"": """", ""imported"": true, ""files"": ["".json""]}, {""id"": ""0089c"", ""uuid"": ""1ad91796-2467-4fd4-93b3-551dd3dd2a7d@0089c"", ""importer"": ""texture"", ""name"": ""UnnamedTexture-2.texture"", ""display_name"": """", ""imported"": true, ""files"": ["".json""]}, {""id"": ""80a7d"", ""uuid"": ""1ad91796-2467-4fd4-93b3-551dd3dd2a7d@80a7d"", ""importer"": ""gltf-material"", ""name"": ""MeshBasicMaterial-0.material"", ""display_name"": """", ""imported"": true, ""files"": ["".json""]}, {""id"": ""a65d0"", ""uuid"": ""1ad91796-2467-4fd4-93b3-551dd3dd2a7d@a65d0"", ""importer"": ""gltf-material"", ""name"": ""MeshBasicMaterial-1.material"", ""display_name"": """", ""imported"": true, ""files"": ["".json""]}, {""id"": ""39e74"", ""uuid"": ""1ad91796-2467-4fd4-93b3-551dd3dd2a7d@39e74"", ""importer"": ""gltf-material"", ""name"": ""MeshLambertMaterial-2.material"", ""display_name"": """", ""imported"": true, ""files"": ["".json""]}, {""id"": ""4c602"", ""uuid"": ""1ad91796-2467-4fd4-93b3-551dd3dd2a7d@4c602"", ""importer"": ""gltf-scene"", ""name"": ""block_28.prefab"", ""display_name"": """", ""imported"": true, ""files"": ["".json""]}]"
assets/resources/jump/derived/models/block_29.glb,derived-model,备用模型,原平台id=29，高度/结构/奖励与核心台不同或未纳入白名单,无,只保留，不启用特殊平台行为,e4fa8fc7-63d5-4330-8d94-5feca172e4b3,gltf,docs/参考资料/原始提取包/派生模型/block_29.glb,73572,8ccac25c15c8c34b28b6843cae55e35d878bb6e56dc78813b3a87576da6afac8,"""""","[{""id"": ""17838"", ""uuid"": ""e4fa8fc7-63d5-4330-8d94-5feca172e4b3@17838"", ""importer"": ""gltf-material"", ""name"": ""MeshBasicMaterial-2.material"", ""display_name"": """", ""imported"": true, ""files"": ["".json""]}, {""id"": ""31e6c"", ""uuid"": ""e4fa8fc7-63d5-4330-8d94-5feca172e4b3@31e6c"", ""importer"": ""gltf-mesh"", ""name"": ""PlaneGeometry.mesh"", ""display_name"": """", ""imported"": true, ""files"": ["".bin"", "".json""]}, {""id"": ""823c7"", ""uuid"": ""e4fa8fc7-63d5-4330-8d94-5feca172e4b3@823c7"", ""importer"": ""gltf-mesh"", ""name"": ""hitObj.mesh"", ""display_name"": """", ""imported"": true, ""files"": ["".bin"", "".json""]}, {""id"": ""f867c"", ""uuid"": ""e4fa8fc7-63d5-4330-8d94-5feca172e4b3@f867c"", ""importer"": ""gltf-embeded-image"", ""name"": ""res/cylinder_shadow.png.image"", ""display_name"": """", ""imported"": true, ""files"": ["".json"", "".png""]}, {""id"": ""2983a"", ""uuid"": ""e4fa8fc7-63d5-4330-8d94-5feca172e4b3@2983a"", ""importer"": ""gltf-embeded-image"", ""name"": ""res/stripe.png.image"", ""display_name"": """", ""imported"": true, ""files"": ["".json"", "".png""]}, {""id"": ""17c1b"", ""uuid"": ""e4fa8fc7-63d5-4330-8d94-5feca172e4b3@17c1b"", ""importer"": ""gltf-embeded-image"", ""name"": ""res/medicine.png.image"", ""display_name"": """", ""imported"": true, ""files"": ["".json"", "".png""]}, {""id"": ""3effa"", ""uuid"": ""e4fa8fc7-63d5-4330-8d94-5feca172e4b3@3effa"", ""importer"": ""texture"", ""name"": ""UnnamedTexture-0.texture"", ""display_name"": """", ""imported"": true, ""files"": ["".json""]}, {""id"": ""221a5"", ""uuid"": ""e4fa8fc7-63d5-4330-8d94-5feca172e4b3@221a5"", ""importer"": ""texture"", ""name"": ""UnnamedTexture-1.texture"", ""display_name"": """", ""imported"": true, ""files"": ["".json""]}, {""id"": ""0089c"", ""uuid"": ""e4fa8fc7-63d5-4330-8d94-5feca172e4b3@0089c"", ""importer"": ""texture"", ""name"": ""UnnamedTexture-2.texture"", ""display_name"": """", ""imported"": true, ""files"": ["".json""]}, {""id"": ""80a7d"", ""uuid"": ""e4fa8fc7-63d5-4330-8d94-5feca172e4b3@80a7d"", ""importer"": ""gltf-material"", ""name"": ""MeshBasicMaterial-0.material"", ""display_name"": """", ""imported"": true, ""files"": ["".json""]}, {""id"": ""a65d0"", ""uuid"": ""e4fa8fc7-63d5-4330-8d94-5feca172e4b3@a65d0"", ""importer"": ""gltf-material"", ""name"": ""MeshBasicMaterial-1.material"", ""display_name"": """", ""imported"": true, ""files"": ["".json""]}, {""id"": ""09293"", ""uuid"": ""e4fa8fc7-63d5-4330-8d94-5feca172e4b3@09293"", ""importer"": ""gltf-material"", ""name"": ""MeshBasicMaterial-3.material"", ""display_name"": """", ""imported"": true, ""files"": ["".json""]}, {""id"": ""90d5f"", ""uuid"": ""e4fa8fc7-63d5-4330-8d94-5feca172e4b3@90d5f"", ""importer"": ""gltf-scene"", ""name"": ""block_29.prefab"", ""display_name"": """", ""imported"": true, ""files"": ["".json""]}]"
assets/resources/jump/derived/models/block_30.glb,derived-model,备用模型,原平台id=30，高度/结构/奖励与核心台不同或未纳入白名单,无,只保留，不启用特殊平台行为,1efdedb2-db41-4c95-9e33-dd9d2c0ce005,gltf,docs/参考资料/原始提取包/派生模型/block_30.glb,32556,4315e9fbd9b67a8a6a4e28a794e85999cb83b29c9f5c479e83c9b8be8c1718ea,"""""","[{""id"": ""32836"", ""uuid"": ""1efdedb2-db41-4c95-9e33-dd9d2c0ce005@32836"", ""importer"": ""gltf-mesh"", ""name"": ""BoxGeometry-2.mesh"", ""display_name"": """", ""imported"": true, ""files"": ["".bin"", "".json""]}, {""id"": ""85ade"", ""uuid"": ""1efdedb2-db41-4c95-9e33-dd9d2c0ce005@85ade"", ""importer"": ""gltf-mesh"", ""name"": ""PlaneGeometry-0.mesh"", ""display_name"": """", ""imported"": true, ""files"": ["".bin"", "".json""]}, {""id"": ""3c7e0"", ""uuid"": ""1efdedb2-db41-4c95-9e33-dd9d2c0ce005@3c7e0"", ""importer"": ""gltf-mesh"", ""name"": ""BoxGeometry-1.mesh"", ""display_name"": """", ""imported"": true, ""files"": ["".bin"", "".json""]}, {""id"": ""1c5bc"", ""uuid"": ""1efdedb2-db41-4c95-9e33-dd9d2c0ce005@1c5bc"", ""importer"": ""gltf-mesh"", ""name"": ""BoxGeometry-3.mesh"", ""display_name"": """", ""imported"": true, ""files"": ["".bin"", "".json""]}, {""id"": ""5e624"", ""uuid"": ""1efdedb2-db41-4c95-9e33-dd9d2c0ce005@5e624"", ""importer"": ""gltf-mesh"", ""name"": ""PlaneGeometry-4.mesh"", ""display_name"": """", ""imported"": true, ""files"": ["".bin"", "".json""]}, {""id"": ""4f7b2"", ""uuid"": ""1efdedb2-db41-4c95-9e33-dd9d2c0ce005@4f7b2"", ""importer"": ""gltf-mesh"", ""name"": ""PlaneGeometry-5.mesh"", ""display_name"": """", ""imported"": true, ""files"": ["".bin"", "".json""]}, {""id"": ""d8a60"", ""uuid"": ""1efdedb2-db41-4c95-9e33-dd9d2c0ce005@d8a60"", ""importer"": ""gltf-mesh"", ""name"": ""PlaneGeometry-6.mesh"", ""display_name"": """", ""imported"": true, ""files"": ["".bin"", "".json""]}, {""id"": ""88fd8"", ""uuid"": ""1efdedb2-db41-4c95-9e33-dd9d2c0ce005@88fd8"", ""importer"": ""gltf-mesh"", ""name"": ""PlaneGeometry-7.mesh"", ""display_name"": """", ""imported"": true, ""files"": ["".bin"", "".json""]}, {""id"": ""6b187"", ""uuid"": ""1efdedb2-db41-4c95-9e33-dd9d2c0ce005@6b187"", ""importer"": ""gltf-mesh"", ""name"": ""hitObj-8.mesh"", ""display_name"": """", ""imported"": true, ""files"": ["".bin"", "".json""]}, {""id"": ""58b04"", ""uuid"": ""1efdedb2-db41-4c95-9e33-dd9d2c0ce005@58b04"", ""importer"": ""gltf-embeded-image"", ""name"": ""res/shadow.png.image"", ""display_name"": """", ""imported"": true, ""files"": ["".json"", "".png""]}, {""id"": ""8eeac"", ""uuid"": ""1efdedb2-db41-4c95-9e33-dd9d2c0ce005@8eeac"", ""importer"": ""gltf-embeded-image"", ""name"": ""res/music_icon_two.png.image"", ""display_name"": """", ""imported"": true, ""files"": ["".json"", "".png""]}, {""id"": ""eb5a6"", ""uuid"": ""1efdedb2-db41-4c95-9e33-dd9d2c0ce005@eb5a6"", ""importer"": ""gltf-embeded-image"", ""name"": ""res/luban.png.image"", ""display_name"": """", ""imported"": true, ""files"": ["".json"", "".png""]}, {""id"": ""3effa"", ""uuid"": ""1efdedb2-db41-4c95-9e33-dd9d2c0ce005@3effa"", ""importer"": ""texture"", ""name"": ""UnnamedTexture-0.texture"", ""display_name"": """", ""imported"": true, ""files"": ["".json""]}, {""id"": ""221a5"", ""uuid"": ""1efdedb2-db41-4c95-9e33-dd9d2c0ce005@221a5"", ""importer"": ""texture"", ""name"": ""UnnamedTexture-1.texture"", ""display_name"": """", ""imported"": true, ""files"": ["".json""]}, {""id"": ""0089c"", ""uuid"": ""1efdedb2-db41-4c95-9e33-dd9d2c0ce005@0089c"", ""importer"": ""texture"", ""name"": ""UnnamedTexture-2.texture"", ""display_name"": """", ""imported"": true, ""files"": ["".json""]}, {""id"": ""80a7d"", ""uuid"": ""1efdedb2-db41-4c95-9e33-dd9d2c0ce005@80a7d"", ""importer"": ""gltf-material"", ""name"": ""MeshBasicMaterial-0.material"", ""display_name"": """", ""imported"": true, ""files"": ["".json""]}, {""id"": ""fdb1e"", ""uuid"": ""1efdedb2-db41-4c95-9e33-dd9d2c0ce005@fdb1e"", ""importer"": ""gltf-material"", ""name"": ""MeshLambertMaterial-1.material"", ""display_name"": """", ""imported"": true, ""files"": ["".json""]}, {""id"": ""39e74"", ""uuid"": ""1efdedb2-db41-4c95-9e33-dd9d2c0ce005@39e74"", ""importer"": ""gltf-material"", ""name"": ""MeshLambertMaterial-2.material"", ""display_name"": """", ""imported"": true, ""files"": ["".json""]}, {""id"": ""0063d"", ""uuid"": ""1efdedb2-db41-4c95-9e33-dd9d2c0ce005@0063d"", ""importer"": ""gltf-material"", ""name"": ""MeshLambertMaterial-3.material"", ""display_name"": """", ""imported"": true, ""files"": ["".json""]}, {""id"": ""62dd1"", ""uuid"": ""1efdedb2-db41-4c95-9e33-dd9d2c0ce005@62dd1"", ""importer"": ""gltf-material"", ""name"": ""MeshBasicMaterial-4.material"", ""display_name"": """", ""imported"": true, ""files"": ["".json""]}, {""id"": ""62a65"", ""uuid"": ""1efdedb2-db41-4c95-9e33-dd9d2c0ce005@62a65"", ""importer"": ""gltf-material"", ""name"": ""MeshBasicMaterial-5.material"", ""display_name"": """", ""imported"": true, ""files"": ["".json""]}, {""id"": ""e5dce"", ""uuid"": ""1efdedb2-db41-4c95-9e33-dd9d2c0ce005@e5dce"", ""importer"": ""gltf-material"", ""name"": ""MeshBasicMaterial-6.material"", ""display_name"": """", ""imported"": true, ""files"": ["".json""]}, {""id"": ""ee975"", ""uuid"": ""1efdedb2-db41-4c95-9e33-dd9d2c0ce005@ee975"", ""importer"": ""gltf-material"", ""name"": ""MeshBasicMaterial-7.material"", ""display_name"": """", ""imported"": true, ""files"": ["".json""]}, {""id"": ""9913f"", ""uuid"": ""1efdedb2-db41-4c95-9e33-dd9d2c0ce005@9913f"", ""importer"": ""gltf-material"", ""name"": ""MeshLambertMaterial-8.material"", ""display_name"": """", ""imported"": true, ""files"": ["".json""]}, {""id"": ""ebef1"", ""uuid"": ""1efdedb2-db41-4c95-9e33-dd9d2c0ce005@ebef1"", ""importer"": ""gltf-scene"", ""name"": ""block_30.prefab"", ""display_name"": """", ""imported"": true, ""files"": ["".json""]}]"
assets/resources/jump/derived/models/block_31.glb,derived-model,备用模型,原平台id=31，高度/结构/奖励与核心台不同或未纳入白名单,无,只保留，不启用特殊平台行为,828f645e-7011-41f5-b050-414acd82e240,gltf,docs/参考资料/原始提取包/派生模型/block_31.glb,32080,b08ecaa0a5f33ca01789273dd597eed29f10f66a6fa7ea3c1c1a0b02cc0fd6b8,"""""","[{""id"": ""17838"", ""uuid"": ""828f645e-7011-41f5-b050-414acd82e240@17838"", ""importer"": ""gltf-material"", ""name"": ""MeshBasicMaterial-2.material"", ""display_name"": """", ""imported"": true, ""files"": ["".json""]}, {""id"": ""19882"", ""uuid"": ""828f645e-7011-41f5-b050-414acd82e240@19882"", ""importer"": ""gltf-mesh"", ""name"": ""CircleGeometry.mesh"", ""display_name"": """", ""imported"": true, ""files"": ["".bin"", "".json""]}, {""id"": ""31e6c"", ""uuid"": ""828f645e-7011-41f5-b050-414acd82e240@31e6c"", ""importer"": ""gltf-mesh"", ""name"": ""PlaneGeometry.mesh"", ""display_name"": """", ""imported"": true, ""files"": ["".bin"", "".json""]}, {""id"": ""00125"", ""uuid"": ""828f645e-7011-41f5-b050-414acd82e240@00125"", ""importer"": ""gltf-mesh"", ""name"": ""CylinderGeometry.mesh"", ""display_name"": """", ""imported"": true, ""files"": ["".bin"", "".json""]}, {""id"": ""823c7"", ""uuid"": ""828f645e-7011-41f5-b050-414acd82e240@823c7"", ""importer"": ""gltf-mesh"", ""name"": ""hitObj.mesh"", ""display_name"": """", ""imported"": true, ""files"": ["".bin"", "".json""]}, {""id"": ""58b04"", ""uuid"": ""828f645e-7011-41f5-b050-414acd82e240@58b04"", ""importer"": ""gltf-embeded-image"", ""name"": ""res/shadow.png.image"", ""display_name"": """", ""imported"": true, ""files"": ["".json"", "".png""]}, {""id"": ""b647f"", ""uuid"": ""828f645e-7011-41f5-b050-414acd82e240@b647f"", ""importer"": ""gltf-embeded-image"", ""name"": ""res/wechat_logo.png.image"", ""display_name"": """", ""imported"": true, ""files"": ["".json"", "".png""]}, {""id"": ""9780a"", ""uuid"": ""828f645e-7011-41f5-b050-414acd82e240@9780a"", ""importer"": ""gltf-embeded-image"", ""name"": ""res/wechat_top.png.image"", ""display_name"": """", ""imported"": true, ""files"": ["".json"", "".png""]}, {""id"": ""d8e7f"", ""uuid"": ""828f645e-7011-41f5-b050-414acd82e240@d8e7f"", ""importer"": ""gltf-embeded-image"", ""name"": ""res/wechat_close.png.image"", ""display_name"": """", ""imported"": true, ""files"": ["".json"", "".png""]}, {""id"": ""3effa"", ""uuid"": ""828f645e-7011-41f5-b050-414acd82e240@3effa"", ""importer"": ""texture"", ""name"": ""UnnamedTexture-0.texture"", ""display_name"": """", ""imported"": true, ""files"": ["".json""]}, {""id"": ""221a5"", ""uuid"": ""828f645e-7011-41f5-b050-414acd82e240@221a5"", ""importer"": ""texture"", ""name"": ""UnnamedTexture-1.texture"", ""display_name"": """", ""imported"": true, ""files"": ["".json""]}, {""id"": ""0089c"", ""uuid"": ""828f645e-7011-41f5-b050-414acd82e240@0089c"", ""importer"": ""texture"", ""name"": ""UnnamedTexture-2.texture"", ""display_name"": """", ""imported"": true, ""files"": ["".json""]}, {""id"": ""9b633"", ""uuid"": ""828f645e-7011-41f5-b050-414acd82e240@9b633"", ""importer"": ""texture"", ""name"": ""UnnamedTexture-3.texture"", ""display_name"": """", ""imported"": true, ""files"": ["".json""]}, {""id"": ""80a7d"", ""uuid"": ""828f645e-7011-41f5-b050-414acd82e240@80a7d"", ""importer"": ""gltf-material"", ""name"": ""MeshBasicMaterial-0.material"", ""display_name"": """", ""imported"": true, ""files"": ["".json""]}, {""id"": ""fdb1e"", ""uuid"": ""828f645e-7011-41f5-b050-414acd82e240@fdb1e"", ""importer"": ""gltf-material"", ""name"": ""MeshLambertMaterial-1.material"", ""display_name"": """", ""imported"": true, ""files"": ["".json""]}, {""id"": ""0063d"", ""uuid"": ""828f645e-7011-41f5-b050-414acd82e240@0063d"", ""importer"": ""gltf-material"", ""name"": ""MeshLambertMaterial-3.material"", ""display_name"": """", ""imported"": true, ""files"": ["".json""]}, {""id"": ""62dd1"", ""uuid"": ""828f645e-7011-41f5-b050-414acd82e240@62dd1"", ""importer"": ""gltf-material"", ""name"": ""MeshBasicMaterial-4.material"", ""display_name"": """", ""imported"": true, ""files"": ["".json""]}, {""id"": ""a1062"", ""uuid"": ""828f645e-7011-41f5-b050-414acd82e240@a1062"", ""importer"": ""gltf-scene"", ""name"": ""block_31.prefab"", ""display_name"": """", ""imported"": true, ""files"": ["".json""]}]"
assets/resources/jump/derived/models/block_32.glb,derived-model,备用模型,原平台id=32，高度/结构/奖励与核心台不同或未纳入白名单,无,只保留，不启用特殊平台行为,a408ae19-9675-4912-b3e7-d30a7782a3f7,gltf,docs/参考资料/原始提取包/派生模型/block_32.glb,72908,824b46b04ba27c72b92f7c395e2db3e214bede77d67c212f9c7ba1dcbeef16af,"""""","[{""id"": ""79824"", ""uuid"": ""a408ae19-9675-4912-b3e7-d30a7782a3f7@79824"", ""importer"": ""gltf-embeded-image"", ""name"": ""res/relax_front.png.image"", ""display_name"": """", ""imported"": true, ""files"": ["".json"", "".png""]}, {""id"": ""7faa4"", ""uuid"": ""a408ae19-9675-4912-b3e7-d30a7782a3f7@7faa4"", ""importer"": ""gltf-mesh"", ""name"": ""CircleGeometry-0.mesh"", ""display_name"": """", ""imported"": true, ""files"": ["".bin"", "".json""]}, {""id"": ""1c55d"", ""uuid"": ""a408ae19-9675-4912-b3e7-d30a7782a3f7@1c55d"", ""importer"": ""gltf-mesh"", ""name"": ""CircleGeometry-1.mesh"", ""display_name"": """", ""imported"": true, ""files"": ["".bin"", "".json""]}, {""id"": ""1cfb1"", ""uuid"": ""a408ae19-9675-4912-b3e7-d30a7782a3f7@1cfb1"", ""importer"": ""gltf-mesh"", ""name"": ""CylinderGeometry-2.mesh"", ""display_name"": """", ""imported"": true, ""files"": ["".bin"", "".json""]}, {""id"": ""af18c"", ""uuid"": ""a408ae19-9675-4912-b3e7-d30a7782a3f7@af18c"", ""importer"": ""gltf-mesh"", ""name"": ""CylinderGeometry-3.mesh"", ""display_name"": """", ""imported"": true, ""files"": ["".bin"", "".json""]}, {""id"": ""1d6dd"", ""uuid"": ""a408ae19-9675-4912-b3e7-d30a7782a3f7@1d6dd"", ""importer"": ""gltf-mesh"", ""name"": ""CylinderGeometry-4.mesh"", ""display_name"": """", ""imported"": true, ""files"": ["".bin"", "".json""]}, {""id"": ""2d7ec"", ""uuid"": ""a408ae19-9675-4912-b3e7-d30a7782a3f7@2d7ec"", ""importer"": ""gltf-mesh"", ""name"": ""CylinderGeometry-5.mesh"", ""display_name"": """", ""imported"": true, ""files"": ["".bin"", "".json""]}, {""id"": ""d8a60"", ""uuid"": ""a408ae19-9675-4912-b3e7-d30a7782a3f7@d8a60"", ""importer"": ""gltf-mesh"", ""name"": ""PlaneGeometry-6.mesh"", ""display_name"": """", ""imported"": true, ""files"": ["".bin"", "".json""]}, {""id"": ""0227f"", ""uuid"": ""a408ae19-9675-4912-b3e7-d30a7782a3f7@0227f"", ""importer"": ""gltf-mesh"", ""name"": ""hitObj-7.mesh"", ""display_name"": """", ""imported"": true, ""files"": ["".bin"", "".json""]}, {""id"": ""da564"", ""uuid"": ""a408ae19-9675-4912-b3e7-d30a7782a3f7@da564"", ""importer"": ""gltf-embeded-image"", ""name"": ""res/relax_back.png.image"", ""display_name"": """", ""imported"": true, ""files"": ["".json"", "".png""]}, {""id"": ""58b04"", ""uuid"": ""a408ae19-9675-4912-b3e7-d30a7782a3f7@58b04"", ""importer"": ""gltf-embeded-image"", ""name"": ""res/shadow.png.image"", ""display_name"": """", ""imported"": true, ""files"": ["".json"", "".png""]}, {""id"": ""3effa"", ""uuid"": ""a408ae19-9675-4912-b3e7-d30a7782a3f7@3effa"", ""importer"": ""texture"", ""name"": ""UnnamedTexture-0.texture"", ""display_name"": """", ""imported"": true, ""files"": ["".json""]}, {""id"": ""221a5"", ""uuid"": ""a408ae19-9675-4912-b3e7-d30a7782a3f7@221a5"", ""importer"": ""texture"", ""name"": ""UnnamedTexture-1.texture"", ""display_name"": """", ""imported"": true, ""files"": ["".json""]}, {""id"": ""0089c"", ""uuid"": ""a408ae19-9675-4912-b3e7-d30a7782a3f7@0089c"", ""importer"": ""texture"", ""name"": ""UnnamedTexture-2.texture"", ""display_name"": """", ""imported"": true, ""files"": ["".json""]}, {""id"": ""80a7d"", ""uuid"": ""a408ae19-9675-4912-b3e7-d30a7782a3f7@80a7d"", ""importer"": ""gltf-material"", ""name"": ""MeshBasicMaterial-0.material"", ""display_name"": """", ""imported"": true, ""files"": ["".json""]}, {""id"": ""a65d0"", ""uuid"": ""a408ae19-9675-4912-b3e7-d30a7782a3f7@a65d0"", ""importer"": ""gltf-material"", ""name"": ""MeshBasicMaterial-1.material"", ""display_name"": """", ""imported"": true, ""files"": ["".json""]}, {""id"": ""39e74"", ""uuid"": ""a408ae19-9675-4912-b3e7-d30a7782a3f7@39e74"", ""importer"": ""gltf-material"", ""name"": ""MeshLambertMaterial-2.material"", ""display_name"": """", ""imported"": true, ""files"": ["".json""]}, {""id"": ""0063d"", ""uuid"": ""a408ae19-9675-4912-b3e7-d30a7782a3f7@0063d"", ""importer"": ""gltf-material"", ""name"": ""MeshLambertMaterial-3.material"", ""display_name"": """", ""imported"": true, ""files"": ["".json""]}, {""id"": ""62dd1"", ""uuid"": ""a408ae19-9675-4912-b3e7-d30a7782a3f7@62dd1"", ""importer"": ""gltf-material"", ""name"": ""MeshBasicMaterial-4.material"", ""display_name"": """", ""imported"": true, ""files"": ["".json""]}, {""id"": ""e1e37"", ""uuid"": ""a408ae19-9675-4912-b3e7-d30a7782a3f7@e1e37"", ""importer"": ""gltf-material"", ""name"": ""MeshLambertMaterial-5.material"", ""display_name"": """", ""imported"": true, ""files"": ["".json""]}, {""id"": ""e7bf4"", ""uuid"": ""a408ae19-9675-4912-b3e7-d30a7782a3f7@e7bf4"", ""importer"": ""gltf-scene"", ""name"": ""block_32.prefab"", ""display_name"": """", ""imported"": true, ""files"": ["".json""]}]"
assets/resources/jump/derived/models/block_33.glb,derived-model,核心模型,普通矩形平台，id=33，无特殊奖励,01/02,Platform包装Prefab；台面由PlatformSpec定义,1e0ac318-8ef0-4021-b85f-007306b97250,gltf,docs/参考资料/原始提取包/派生模型/block_33.glb,9896,ac157a6bb27087840ef8f791f3ba54f47931b18cfa1d4c6d5247352d8763e340,"""""","[{""id"": ""31e6c"", ""uuid"": ""1e0ac318-8ef0-4021-b85f-007306b97250@31e6c"", ""importer"": ""gltf-mesh"", ""name"": ""PlaneGeometry.mesh"", ""display_name"": """", ""imported"": true, ""files"": ["".bin"", "".json""]}, {""id"": ""823c7"", ""uuid"": ""1e0ac318-8ef0-4021-b85f-007306b97250@823c7"", ""importer"": ""gltf-mesh"", ""name"": ""hitObj.mesh"", ""display_name"": """", ""imported"": true, ""files"": ["".bin"", "".json""]}, {""id"": ""58b04"", ""uuid"": ""1e0ac318-8ef0-4021-b85f-007306b97250@58b04"", ""importer"": ""gltf-embeded-image"", ""name"": ""res/shadow.png.image"", ""display_name"": """", ""imported"": true, ""files"": ["".json"", "".png""]}, {""id"": ""e39f7"", ""uuid"": ""1e0ac318-8ef0-4021-b85f-007306b97250@e39f7"", ""importer"": ""texture"", ""name"": ""UnnamedTexture.texture"", ""display_name"": """", ""imported"": true, ""files"": ["".json""]}, {""id"": ""80a7d"", ""uuid"": ""1e0ac318-8ef0-4021-b85f-007306b97250@80a7d"", ""importer"": ""gltf-material"", ""name"": ""MeshBasicMaterial-0.material"", ""display_name"": """", ""imported"": true, ""files"": ["".json""]}, {""id"": ""fdb1e"", ""uuid"": ""1e0ac318-8ef0-4021-b85f-007306b97250@fdb1e"", ""importer"": ""gltf-material"", ""name"": ""MeshLambertMaterial-1.material"", ""display_name"": """", ""imported"": true, ""files"": ["".json""]}, {""id"": ""39e74"", ""uuid"": ""1e0ac318-8ef0-4021-b85f-007306b97250@39e74"", ""importer"": ""gltf-material"", ""name"": ""MeshLambertMaterial-2.material"", ""display_name"": """", ""imported"": true, ""files"": ["".json""]}, {""id"": ""e4cfa"", ""uuid"": ""1e0ac318-8ef0-4021-b85f-007306b97250@e4cfa"", ""importer"": ""gltf-scene"", ""name"": ""block_33.prefab"", ""display_name"": """", ""imported"": true, ""files"": ["".json""]}]"
assets/resources/jump/derived/models/block_34.glb,derived-model,核心模型,普通矩形平台，id=34，无特殊奖励,01/02,Platform包装Prefab；台面由PlatformSpec定义,48b1fb33-03e2-499b-8f50-68f3b7b877f4,gltf,docs/参考资料/原始提取包/派生模型/block_34.glb,9896,30934867a04fde2dd5a22ab3e5dd84e2402a67d683cac1c739a6073ebeebbb7e,"""""","[{""id"": ""31e6c"", ""uuid"": ""48b1fb33-03e2-499b-8f50-68f3b7b877f4@31e6c"", ""importer"": ""gltf-mesh"", ""name"": ""PlaneGeometry.mesh"", ""display_name"": """", ""imported"": true, ""files"": ["".bin"", "".json""]}, {""id"": ""823c7"", ""uuid"": ""48b1fb33-03e2-499b-8f50-68f3b7b877f4@823c7"", ""importer"": ""gltf-mesh"", ""name"": ""hitObj.mesh"", ""display_name"": """", ""imported"": true, ""files"": ["".bin"", "".json""]}, {""id"": ""58b04"", ""uuid"": ""48b1fb33-03e2-499b-8f50-68f3b7b877f4@58b04"", ""importer"": ""gltf-embeded-image"", ""name"": ""res/shadow.png.image"", ""display_name"": """", ""imported"": true, ""files"": ["".json"", "".png""]}, {""id"": ""e39f7"", ""uuid"": ""48b1fb33-03e2-499b-8f50-68f3b7b877f4@e39f7"", ""importer"": ""texture"", ""name"": ""UnnamedTexture.texture"", ""display_name"": """", ""imported"": true, ""files"": ["".json""]}, {""id"": ""80a7d"", ""uuid"": ""48b1fb33-03e2-499b-8f50-68f3b7b877f4@80a7d"", ""importer"": ""gltf-material"", ""name"": ""MeshBasicMaterial-0.material"", ""display_name"": """", ""imported"": true, ""files"": ["".json""]}, {""id"": ""fdb1e"", ""uuid"": ""48b1fb33-03e2-499b-8f50-68f3b7b877f4@fdb1e"", ""importer"": ""gltf-material"", ""name"": ""MeshLambertMaterial-1.material"", ""display_name"": """", ""imported"": true, ""files"": ["".json""]}, {""id"": ""39e74"", ""uuid"": ""48b1fb33-03e2-499b-8f50-68f3b7b877f4@39e74"", ""importer"": ""gltf-material"", ""name"": ""MeshLambertMaterial-2.material"", ""display_name"": """", ""imported"": true, ""files"": ["".json""]}, {""id"": ""4c08f"", ""uuid"": ""48b1fb33-03e2-499b-8f50-68f3b7b877f4@4c08f"", ""importer"": ""gltf-scene"", ""name"": ""block_34.prefab"", ""display_name"": """", ""imported"": true, ""files"": ["".json""]}]"
assets/resources/jump/derived/models/block_35.glb,derived-model,核心模型,普通矩形平台，id=35，无特殊奖励,01/02,Platform包装Prefab；台面由PlatformSpec定义,36d47230-1417-40f7-95ec-2539a3ca734b,gltf,docs/参考资料/原始提取包/派生模型/block_35.glb,9896,cd072e312573a3300b07c82ec2ff1e3b5140d695b2da2aea2e88081f1828d5fc,"""""","[{""id"": ""49069"", ""uuid"": ""36d47230-1417-40f7-95ec-2539a3ca734b@49069"", ""importer"": ""gltf-scene"", ""name"": ""block_35.prefab"", ""display_name"": """", ""imported"": true, ""files"": ["".json""]}, {""id"": ""31e6c"", ""uuid"": ""36d47230-1417-40f7-95ec-2539a3ca734b@31e6c"", ""importer"": ""gltf-mesh"", ""name"": ""PlaneGeometry.mesh"", ""display_name"": """", ""imported"": true, ""files"": ["".bin"", "".json""]}, {""id"": ""823c7"", ""uuid"": ""36d47230-1417-40f7-95ec-2539a3ca734b@823c7"", ""importer"": ""gltf-mesh"", ""name"": ""hitObj.mesh"", ""display_name"": """", ""imported"": true, ""files"": ["".bin"", "".json""]}, {""id"": ""58b04"", ""uuid"": ""36d47230-1417-40f7-95ec-2539a3ca734b@58b04"", ""importer"": ""gltf-embeded-image"", ""name"": ""res/shadow.png.image"", ""display_name"": """", ""imported"": true, ""files"": ["".json"", "".png""]}, {""id"": ""e39f7"", ""uuid"": ""36d47230-1417-40f7-95ec-2539a3ca734b@e39f7"", ""importer"": ""texture"", ""name"": ""UnnamedTexture.texture"", ""display_name"": """", ""imported"": true, ""files"": ["".json""]}, {""id"": ""80a7d"", ""uuid"": ""36d47230-1417-40f7-95ec-2539a3ca734b@80a7d"", ""importer"": ""gltf-material"", ""name"": ""MeshBasicMaterial-0.material"", ""display_name"": """", ""imported"": true, ""files"": ["".json""]}, {""id"": ""fdb1e"", ""uuid"": ""36d47230-1417-40f7-95ec-2539a3ca734b@fdb1e"", ""importer"": ""gltf-material"", ""name"": ""MeshLambertMaterial-1.material"", ""display_name"": """", ""imported"": true, ""files"": ["".json""]}, {""id"": ""39e74"", ""uuid"": ""36d47230-1417-40f7-95ec-2539a3ca734b@39e74"", ""importer"": ""gltf-material"", ""name"": ""MeshLambertMaterial-2.material"", ""display_name"": """", ""imported"": true, ""files"": ["".json""]}]"
assets/resources/jump/derived/models/bottle_default.glb,derived-model,核心模型,默认棋子角色；静态头/身/底，需Cocos实现动画,01/02/04,Avatar包装Prefab，逻辑脚底与Visual分离,84cfe8ea-0e9f-4705-9da2-d1bdd0faee19,gltf,docs/参考资料/原始提取包/派生模型/bottle_default.glb,137940,bffc8b0cf91e5f4aba8ecbb1fff96065b0189b49f1e6469b231ddbf46f8f92b2,"""""","[{""id"": ""17838"", ""uuid"": ""84cfe8ea-0e9f-4705-9da2-d1bdd0faee19@17838"", ""importer"": ""gltf-material"", ""name"": ""MeshBasicMaterial-2.material"", ""display_name"": """", ""imported"": true, ""files"": ["".json""]}, {""id"": ""00125"", ""uuid"": ""84cfe8ea-0e9f-4705-9da2-d1bdd0faee19@00125"", ""importer"": ""gltf-mesh"", ""name"": ""CylinderGeometry.mesh"", ""display_name"": """", ""imported"": true, ""files"": ["".bin"", "".json""]}, {""id"": ""97b24"", ""uuid"": ""84cfe8ea-0e9f-4705-9da2-d1bdd0faee19@97b24"", ""importer"": ""gltf-mesh"", ""name"": ""Geometry.mesh"", ""display_name"": """", ""imported"": true, ""files"": ["".bin"", "".json""]}, {""id"": ""8b43c"", ""uuid"": ""84cfe8ea-0e9f-4705-9da2-d1bdd0faee19@8b43c"", ""importer"": ""gltf-mesh"", ""name"": ""SphereGeometry.mesh"", ""display_name"": """", ""imported"": true, ""files"": ["".bin"", "".json""]}, {""id"": ""a99de"", ""uuid"": ""84cfe8ea-0e9f-4705-9da2-d1bdd0faee19@a99de"", ""importer"": ""gltf-embeded-image"", ""name"": ""res/bottom.png.image"", ""display_name"": """", ""imported"": true, ""files"": ["".json"", "".png""]}, {""id"": ""9c268"", ""uuid"": ""84cfe8ea-0e9f-4705-9da2-d1bdd0faee19@9c268"", ""importer"": ""gltf-embeded-image"", ""name"": ""res/middle.png.image"", ""display_name"": """", ""imported"": true, ""files"": ["".json"", "".png""]}, {""id"": ""0a1b2"", ""uuid"": ""84cfe8ea-0e9f-4705-9da2-d1bdd0faee19@0a1b2"", ""importer"": ""gltf-embeded-image"", ""name"": ""res/head.png.image"", ""display_name"": """", ""imported"": true, ""files"": ["".json"", "".png""]}, {""id"": ""3effa"", ""uuid"": ""84cfe8ea-0e9f-4705-9da2-d1bdd0faee19@3effa"", ""importer"": ""texture"", ""name"": ""UnnamedTexture-0.texture"", ""display_name"": """", ""imported"": true, ""files"": ["".json""]}, {""id"": ""221a5"", ""uuid"": ""84cfe8ea-0e9f-4705-9da2-d1bdd0faee19@221a5"", ""importer"": ""texture"", ""name"": ""UnnamedTexture-1.texture"", ""display_name"": """", ""imported"": true, ""files"": ["".json""]}, {""id"": ""0089c"", ""uuid"": ""84cfe8ea-0e9f-4705-9da2-d1bdd0faee19@0089c"", ""importer"": ""texture"", ""name"": ""UnnamedTexture-2.texture"", ""display_name"": """", ""imported"": true, ""files"": ["".json""]}, {""id"": ""80a7d"", ""uuid"": ""84cfe8ea-0e9f-4705-9da2-d1bdd0faee19@80a7d"", ""importer"": ""gltf-material"", ""name"": ""MeshBasicMaterial-0.material"", ""display_name"": """", ""imported"": true, ""files"": ["".json""]}, {""id"": ""a65d0"", ""uuid"": ""84cfe8ea-0e9f-4705-9da2-d1bdd0faee19@a65d0"", ""importer"": ""gltf-material"", ""name"": ""MeshBasicMaterial-1.material"", ""display_name"": """", ""imported"": true, ""files"": ["".json""]}, {""id"": ""09293"", ""uuid"": ""84cfe8ea-0e9f-4705-9da2-d1bdd0faee19@09293"", ""importer"": ""gltf-material"", ""name"": ""MeshBasicMaterial-3.material"", ""display_name"": """", ""imported"": true, ""files"": ["".json""]}, {""id"": ""4b93a"", ""uuid"": ""84cfe8ea-0e9f-4705-9da2-d1bdd0faee19@4b93a"", ""importer"": ""gltf-scene"", ""name"": ""bottle_default.prefab"", ""display_name"": """", ""imported"": true, ""files"": ["".json""]}]"
assets/resources/jump/derived/models/numbered_block_0.glb,derived-model,备用模型,编号平台，原代码h=0，实际显示数字1，非HUD数字,无,保留模型，当前核心白名单不用；显示数字1，不可按文件索引当数字值,f895d9ff-6cb2-4028-8c40-b5e98e7c0f09,gltf,docs/参考资料/原始提取包/派生模型/numbered_block_0.glb,22836,9ffbcef05729b15735dd902846e6c915608e60d32b251ee2057a463b57d5d58c,"""""","[{""id"": ""85ade"", ""uuid"": ""f895d9ff-6cb2-4028-8c40-b5e98e7c0f09@85ade"", ""importer"": ""gltf-mesh"", ""name"": ""PlaneGeometry-0.mesh"", ""display_name"": """", ""imported"": true, ""files"": ["".bin"", "".json""]}, {""id"": ""3c7e0"", ""uuid"": ""f895d9ff-6cb2-4028-8c40-b5e98e7c0f09@3c7e0"", ""importer"": ""gltf-mesh"", ""name"": ""BoxGeometry-1.mesh"", ""display_name"": """", ""imported"": true, ""files"": ["".bin"", "".json""]}, {""id"": ""c3312"", ""uuid"": ""f895d9ff-6cb2-4028-8c40-b5e98e7c0f09@c3312"", ""importer"": ""gltf-mesh"", ""name"": ""PlaneGeometry-2.mesh"", ""display_name"": """", ""imported"": true, ""files"": ["".bin"", "".json""]}, {""id"": ""802ce"", ""uuid"": ""f895d9ff-6cb2-4028-8c40-b5e98e7c0f09@802ce"", ""importer"": ""gltf-mesh"", ""name"": ""hitObj-3.mesh"", ""display_name"": """", ""imported"": true, ""files"": ["".bin"", "".json""]}, {""id"": ""58b04"", ""uuid"": ""f895d9ff-6cb2-4028-8c40-b5e98e7c0f09@58b04"", ""importer"": ""gltf-embeded-image"", ""name"": ""res/shadow.png.image"", ""display_name"": """", ""imported"": true, ""files"": ["".json"", "".png""]}, {""id"": ""0d8a7"", ""uuid"": ""f895d9ff-6cb2-4028-8c40-b5e98e7c0f09@0d8a7"", ""importer"": ""gltf-embeded-image"", ""name"": ""res/gray.png.image"", ""display_name"": """", ""imported"": true, ""files"": ["".json"", "".png""]}, {""id"": ""f01f6"", ""uuid"": ""f895d9ff-6cb2-4028-8c40-b5e98e7c0f09@f01f6"", ""importer"": ""gltf-embeded-image"", ""name"": ""res/number.png.image"", ""display_name"": """", ""imported"": true, ""files"": ["".json"", "".png""]}, {""id"": ""3effa"", ""uuid"": ""f895d9ff-6cb2-4028-8c40-b5e98e7c0f09@3effa"", ""importer"": ""texture"", ""name"": ""UnnamedTexture-0.texture"", ""display_name"": """", ""imported"": true, ""files"": ["".json""]}, {""id"": ""221a5"", ""uuid"": ""f895d9ff-6cb2-4028-8c40-b5e98e7c0f09@221a5"", ""importer"": ""texture"", ""name"": ""UnnamedTexture-1.texture"", ""display_name"": """", ""imported"": true, ""files"": ["".json""]}, {""id"": ""0089c"", ""uuid"": ""f895d9ff-6cb2-4028-8c40-b5e98e7c0f09@0089c"", ""importer"": ""texture"", ""name"": ""UnnamedTexture-2.texture"", ""display_name"": """", ""imported"": true, ""files"": ["".json""]}, {""id"": ""80a7d"", ""uuid"": ""f895d9ff-6cb2-4028-8c40-b5e98e7c0f09@80a7d"", ""importer"": ""gltf-material"", ""name"": ""MeshBasicMaterial-0.material"", ""display_name"": """", ""imported"": true, ""files"": ["".json""]}, {""id"": ""fdb1e"", ""uuid"": ""f895d9ff-6cb2-4028-8c40-b5e98e7c0f09@fdb1e"", ""importer"": ""gltf-material"", ""name"": ""MeshLambertMaterial-1.material"", ""display_name"": """", ""imported"": true, ""files"": ["".json""]}, {""id"": ""39e74"", ""uuid"": ""f895d9ff-6cb2-4028-8c40-b5e98e7c0f09@39e74"", ""importer"": ""gltf-material"", ""name"": ""MeshLambertMaterial-2.material"", ""display_name"": """", ""imported"": true, ""files"": ["".json""]}, {""id"": ""0063d"", ""uuid"": ""f895d9ff-6cb2-4028-8c40-b5e98e7c0f09@0063d"", ""importer"": ""gltf-material"", ""name"": ""MeshLambertMaterial-3.material"", ""display_name"": """", ""imported"": true, ""files"": ["".json""]}, {""id"": ""a0ce0"", ""uuid"": ""f895d9ff-6cb2-4028-8c40-b5e98e7c0f09@a0ce0"", ""importer"": ""gltf-scene"", ""name"": ""numbered_block_0.prefab"", ""display_name"": """", ""imported"": true, ""files"": ["".json""]}]"
assets/resources/jump/derived/models/numbered_block_1.glb,derived-model,备用模型,编号平台，原代码h=1，实际显示数字2，非HUD数字,无,保留模型，当前核心白名单不用；显示数字2，不可按文件索引当数字值,e657ef7c-f566-4d16-9ee8-1f748749005a,gltf,docs/参考资料/原始提取包/派生模型/numbered_block_1.glb,22836,25a0f5bcf405a5b11ff6302e0863548729b3837996572e6f33a9ee27b60b835a,"""""","[{""id"": ""85ade"", ""uuid"": ""e657ef7c-f566-4d16-9ee8-1f748749005a@85ade"", ""importer"": ""gltf-mesh"", ""name"": ""PlaneGeometry-0.mesh"", ""display_name"": """", ""imported"": true, ""files"": ["".bin"", "".json""]}, {""id"": ""3c7e0"", ""uuid"": ""e657ef7c-f566-4d16-9ee8-1f748749005a@3c7e0"", ""importer"": ""gltf-mesh"", ""name"": ""BoxGeometry-1.mesh"", ""display_name"": """", ""imported"": true, ""files"": ["".bin"", "".json""]}, {""id"": ""c3312"", ""uuid"": ""e657ef7c-f566-4d16-9ee8-1f748749005a@c3312"", ""importer"": ""gltf-mesh"", ""name"": ""PlaneGeometry-2.mesh"", ""display_name"": """", ""imported"": true, ""files"": ["".bin"", "".json""]}, {""id"": ""802ce"", ""uuid"": ""e657ef7c-f566-4d16-9ee8-1f748749005a@802ce"", ""importer"": ""gltf-mesh"", ""name"": ""hitObj-3.mesh"", ""display_name"": """", ""imported"": true, ""files"": ["".bin"", "".json""]}, {""id"": ""58b04"", ""uuid"": ""e657ef7c-f566-4d16-9ee8-1f748749005a@58b04"", ""importer"": ""gltf-embeded-image"", ""name"": ""res/shadow.png.image"", ""display_name"": """", ""imported"": true, ""files"": ["".json"", "".png""]}, {""id"": ""0d8a7"", ""uuid"": ""e657ef7c-f566-4d16-9ee8-1f748749005a@0d8a7"", ""importer"": ""gltf-embeded-image"", ""name"": ""res/gray.png.image"", ""display_name"": """", ""imported"": true, ""files"": ["".json"", "".png""]}, {""id"": ""f01f6"", ""uuid"": ""e657ef7c-f566-4d16-9ee8-1f748749005a@f01f6"", ""importer"": ""gltf-embeded-image"", ""name"": ""res/number.png.image"", ""display_name"": """", ""imported"": true, ""files"": ["".json"", "".png""]}, {""id"": ""3effa"", ""uuid"": ""e657ef7c-f566-4d16-9ee8-1f748749005a@3effa"", ""importer"": ""texture"", ""name"": ""UnnamedTexture-0.texture"", ""display_name"": """", ""imported"": true, ""files"": ["".json""]}, {""id"": ""221a5"", ""uuid"": ""e657ef7c-f566-4d16-9ee8-1f748749005a@221a5"", ""importer"": ""texture"", ""name"": ""UnnamedTexture-1.texture"", ""display_name"": """", ""imported"": true, ""files"": ["".json""]}, {""id"": ""0089c"", ""uuid"": ""e657ef7c-f566-4d16-9ee8-1f748749005a@0089c"", ""importer"": ""texture"", ""name"": ""UnnamedTexture-2.texture"", ""display_name"": """", ""imported"": true, ""files"": ["".json""]}, {""id"": ""80a7d"", ""uuid"": ""e657ef7c-f566-4d16-9ee8-1f748749005a@80a7d"", ""importer"": ""gltf-material"", ""name"": ""MeshBasicMaterial-0.material"", ""display_name"": """", ""imported"": true, ""files"": ["".json""]}, {""id"": ""fdb1e"", ""uuid"": ""e657ef7c-f566-4d16-9ee8-1f748749005a@fdb1e"", ""importer"": ""gltf-material"", ""name"": ""MeshLambertMaterial-1.material"", ""display_name"": """", ""imported"": true, ""files"": ["".json""]}, {""id"": ""39e74"", ""uuid"": ""e657ef7c-f566-4d16-9ee8-1f748749005a@39e74"", ""importer"": ""gltf-material"", ""name"": ""MeshLambertMaterial-2.material"", ""display_name"": """", ""imported"": true, ""files"": ["".json""]}, {""id"": ""0063d"", ""uuid"": ""e657ef7c-f566-4d16-9ee8-1f748749005a@0063d"", ""importer"": ""gltf-material"", ""name"": ""MeshLambertMaterial-3.material"", ""display_name"": """", ""imported"": true, ""files"": ["".json""]}, {""id"": ""9262d"", ""uuid"": ""e657ef7c-f566-4d16-9ee8-1f748749005a@9262d"", ""importer"": ""gltf-scene"", ""name"": ""numbered_block_1.prefab"", ""display_name"": """", ""imported"": true, ""files"": ["".json""]}]"
assets/resources/jump/derived/models/numbered_block_2.glb,derived-model,备用模型,编号平台，原代码h=2，实际显示数字3，非HUD数字,无,保留模型，当前核心白名单不用；显示数字3，不可按文件索引当数字值,4541f68b-fefc-49f6-a3c5-b782cf6805e6,gltf,docs/参考资料/原始提取包/派生模型/numbered_block_2.glb,22836,6465afd728fcff653dda5f1138a1e28c21d23fa0d876cd8b36ac5865456cd914,"""""","[{""id"": ""85ade"", ""uuid"": ""4541f68b-fefc-49f6-a3c5-b782cf6805e6@85ade"", ""importer"": ""gltf-mesh"", ""name"": ""PlaneGeometry-0.mesh"", ""display_name"": """", ""imported"": true, ""files"": ["".bin"", "".json""]}, {""id"": ""3c7e0"", ""uuid"": ""4541f68b-fefc-49f6-a3c5-b782cf6805e6@3c7e0"", ""importer"": ""gltf-mesh"", ""name"": ""BoxGeometry-1.mesh"", ""display_name"": """", ""imported"": true, ""files"": ["".bin"", "".json""]}, {""id"": ""c3312"", ""uuid"": ""4541f68b-fefc-49f6-a3c5-b782cf6805e6@c3312"", ""importer"": ""gltf-mesh"", ""name"": ""PlaneGeometry-2.mesh"", ""display_name"": """", ""imported"": true, ""files"": ["".bin"", "".json""]}, {""id"": ""802ce"", ""uuid"": ""4541f68b-fefc-49f6-a3c5-b782cf6805e6@802ce"", ""importer"": ""gltf-mesh"", ""name"": ""hitObj-3.mesh"", ""display_name"": """", ""imported"": true, ""files"": ["".bin"", "".json""]}, {""id"": ""58b04"", ""uuid"": ""4541f68b-fefc-49f6-a3c5-b782cf6805e6@58b04"", ""importer"": ""gltf-embeded-image"", ""name"": ""res/shadow.png.image"", ""display_name"": """", ""imported"": true, ""files"": ["".json"", "".png""]}, {""id"": ""0d8a7"", ""uuid"": ""4541f68b-fefc-49f6-a3c5-b782cf6805e6@0d8a7"", ""importer"": ""gltf-embeded-image"", ""name"": ""res/gray.png.image"", ""display_name"": """", ""imported"": true, ""files"": ["".json"", "".png""]}, {""id"": ""f01f6"", ""uuid"": ""4541f68b-fefc-49f6-a3c5-b782cf6805e6@f01f6"", ""importer"": ""gltf-embeded-image"", ""name"": ""res/number.png.image"", ""display_name"": """", ""imported"": true, ""files"": ["".json"", "".png""]}, {""id"": ""3effa"", ""uuid"": ""4541f68b-fefc-49f6-a3c5-b782cf6805e6@3effa"", ""importer"": ""texture"", ""name"": ""UnnamedTexture-0.texture"", ""display_name"": """", ""imported"": true, ""files"": ["".json""]}, {""id"": ""221a5"", ""uuid"": ""4541f68b-fefc-49f6-a3c5-b782cf6805e6@221a5"", ""importer"": ""texture"", ""name"": ""UnnamedTexture-1.texture"", ""display_name"": """", ""imported"": true, ""files"": ["".json""]}, {""id"": ""0089c"", ""uuid"": ""4541f68b-fefc-49f6-a3c5-b782cf6805e6@0089c"", ""importer"": ""texture"", ""name"": ""UnnamedTexture-2.texture"", ""display_name"": """", ""imported"": true, ""files"": ["".json""]}, {""id"": ""80a7d"", ""uuid"": ""4541f68b-fefc-49f6-a3c5-b782cf6805e6@80a7d"", ""importer"": ""gltf-material"", ""name"": ""MeshBasicMaterial-0.material"", ""display_name"": """", ""imported"": true, ""files"": ["".json""]}, {""id"": ""fdb1e"", ""uuid"": ""4541f68b-fefc-49f6-a3c5-b782cf6805e6@fdb1e"", ""importer"": ""gltf-material"", ""name"": ""MeshLambertMaterial-1.material"", ""display_name"": """", ""imported"": true, ""files"": ["".json""]}, {""id"": ""39e74"", ""uuid"": ""4541f68b-fefc-49f6-a3c5-b782cf6805e6@39e74"", ""importer"": ""gltf-material"", ""name"": ""MeshLambertMaterial-2.material"", ""display_name"": """", ""imported"": true, ""files"": ["".json""]}, {""id"": ""0063d"", ""uuid"": ""4541f68b-fefc-49f6-a3c5-b782cf6805e6@0063d"", ""importer"": ""gltf-material"", ""name"": ""MeshLambertMaterial-3.material"", ""display_name"": """", ""imported"": true, ""files"": ["".json""]}, {""id"": ""c00c7"", ""uuid"": ""4541f68b-fefc-49f6-a3c5-b782cf6805e6@c00c7"", ""importer"": ""gltf-scene"", ""name"": ""numbered_block_2.prefab"", ""display_name"": """", ""imported"": true, ""files"": ["".json""]}]"
assets/resources/jump/derived/models/numbered_block_3.glb,derived-model,备用模型,编号平台，原代码h=3，实际显示数字4，非HUD数字,无,保留模型，当前核心白名单不用；显示数字4，不可按文件索引当数字值,88286640-e2e9-4fa7-8fd1-391e77d7db94,gltf,docs/参考资料/原始提取包/派生模型/numbered_block_3.glb,22836,a2e5bf724a80fb14c4b943c8984344524bc335d7c00b72f82d43a0fbfe1afd2e,"""""","[{""id"": ""85ade"", ""uuid"": ""88286640-e2e9-4fa7-8fd1-391e77d7db94@85ade"", ""importer"": ""gltf-mesh"", ""name"": ""PlaneGeometry-0.mesh"", ""display_name"": """", ""imported"": true, ""files"": ["".bin"", "".json""]}, {""id"": ""3c7e0"", ""uuid"": ""88286640-e2e9-4fa7-8fd1-391e77d7db94@3c7e0"", ""importer"": ""gltf-mesh"", ""name"": ""BoxGeometry-1.mesh"", ""display_name"": """", ""imported"": true, ""files"": ["".bin"", "".json""]}, {""id"": ""c3312"", ""uuid"": ""88286640-e2e9-4fa7-8fd1-391e77d7db94@c3312"", ""importer"": ""gltf-mesh"", ""name"": ""PlaneGeometry-2.mesh"", ""display_name"": """", ""imported"": true, ""files"": ["".bin"", "".json""]}, {""id"": ""802ce"", ""uuid"": ""88286640-e2e9-4fa7-8fd1-391e77d7db94@802ce"", ""importer"": ""gltf-mesh"", ""name"": ""hitObj-3.mesh"", ""display_name"": """", ""imported"": true, ""files"": ["".bin"", "".json""]}, {""id"": ""58b04"", ""uuid"": ""88286640-e2e9-4fa7-8fd1-391e77d7db94@58b04"", ""importer"": ""gltf-embeded-image"", ""name"": ""res/shadow.png.image"", ""display_name"": """", ""imported"": true, ""files"": ["".json"", "".png""]}, {""id"": ""0d8a7"", ""uuid"": ""88286640-e2e9-4fa7-8fd1-391e77d7db94@0d8a7"", ""importer"": ""gltf-embeded-image"", ""name"": ""res/gray.png.image"", ""display_name"": """", ""imported"": true, ""files"": ["".json"", "".png""]}, {""id"": ""f01f6"", ""uuid"": ""88286640-e2e9-4fa7-8fd1-391e77d7db94@f01f6"", ""importer"": ""gltf-embeded-image"", ""name"": ""res/number.png.image"", ""display_name"": """", ""imported"": true, ""files"": ["".json"", "".png""]}, {""id"": ""3effa"", ""uuid"": ""88286640-e2e9-4fa7-8fd1-391e77d7db94@3effa"", ""importer"": ""texture"", ""name"": ""UnnamedTexture-0.texture"", ""display_name"": """", ""imported"": true, ""files"": ["".json""]}, {""id"": ""221a5"", ""uuid"": ""88286640-e2e9-4fa7-8fd1-391e77d7db94@221a5"", ""importer"": ""texture"", ""name"": ""UnnamedTexture-1.texture"", ""display_name"": """", ""imported"": true, ""files"": ["".json""]}, {""id"": ""0089c"", ""uuid"": ""88286640-e2e9-4fa7-8fd1-391e77d7db94@0089c"", ""importer"": ""texture"", ""name"": ""UnnamedTexture-2.texture"", ""display_name"": """", ""imported"": true, ""files"": ["".json""]}, {""id"": ""80a7d"", ""uuid"": ""88286640-e2e9-4fa7-8fd1-391e77d7db94@80a7d"", ""importer"": ""gltf-material"", ""name"": ""MeshBasicMaterial-0.material"", ""display_name"": """", ""imported"": true, ""files"": ["".json""]}, {""id"": ""fdb1e"", ""uuid"": ""88286640-e2e9-4fa7-8fd1-391e77d7db94@fdb1e"", ""importer"": ""gltf-material"", ""name"": ""MeshLambertMaterial-1.material"", ""display_name"": """", ""imported"": true, ""files"": ["".json""]}, {""id"": ""39e74"", ""uuid"": ""88286640-e2e9-4fa7-8fd1-391e77d7db94@39e74"", ""importer"": ""gltf-material"", ""name"": ""MeshLambertMaterial-2.material"", ""display_name"": """", ""imported"": true, ""files"": ["".json""]}, {""id"": ""0063d"", ""uuid"": ""88286640-e2e9-4fa7-8fd1-391e77d7db94@0063d"", ""importer"": ""gltf-material"", ""name"": ""MeshLambertMaterial-3.material"", ""display_name"": """", ""imported"": true, ""files"": ["".json""]}, {""id"": ""02a90"", ""uuid"": ""88286640-e2e9-4fa7-8fd1-391e77d7db94@02a90"", ""importer"": ""gltf-scene"", ""name"": ""numbered_block_3.prefab"", ""display_name"": """", ""imported"": true, ""files"": ["".json""]}]"
assets/resources/jump/derived/models/numbered_block_4.glb,derived-model,备用模型,编号平台，原代码h=4，实际显示数字5，非HUD数字,无,保留模型，当前核心白名单不用；显示数字5，不可按文件索引当数字值,81de249d-5238-4a14-bd8f-dbbfd8fdbbf5,gltf,docs/参考资料/原始提取包/派生模型/numbered_block_4.glb,22840,730f46faed12c9a052bb71a3389b8b9049415667e1a3fecacc21c9c91174e776,"""""","[{""id"": ""85ade"", ""uuid"": ""81de249d-5238-4a14-bd8f-dbbfd8fdbbf5@85ade"", ""importer"": ""gltf-mesh"", ""name"": ""PlaneGeometry-0.mesh"", ""display_name"": """", ""imported"": true, ""files"": ["".bin"", "".json""]}, {""id"": ""3c7e0"", ""uuid"": ""81de249d-5238-4a14-bd8f-dbbfd8fdbbf5@3c7e0"", ""importer"": ""gltf-mesh"", ""name"": ""BoxGeometry-1.mesh"", ""display_name"": """", ""imported"": true, ""files"": ["".bin"", "".json""]}, {""id"": ""c3312"", ""uuid"": ""81de249d-5238-4a14-bd8f-dbbfd8fdbbf5@c3312"", ""importer"": ""gltf-mesh"", ""name"": ""PlaneGeometry-2.mesh"", ""display_name"": """", ""imported"": true, ""files"": ["".bin"", "".json""]}, {""id"": ""802ce"", ""uuid"": ""81de249d-5238-4a14-bd8f-dbbfd8fdbbf5@802ce"", ""importer"": ""gltf-mesh"", ""name"": ""hitObj-3.mesh"", ""display_name"": """", ""imported"": true, ""files"": ["".bin"", "".json""]}, {""id"": ""58b04"", ""uuid"": ""81de249d-5238-4a14-bd8f-dbbfd8fdbbf5@58b04"", ""importer"": ""gltf-embeded-image"", ""name"": ""res/shadow.png.image"", ""display_name"": """", ""imported"": true, ""files"": ["".json"", "".png""]}, {""id"": ""0d8a7"", ""uuid"": ""81de249d-5238-4a14-bd8f-dbbfd8fdbbf5@0d8a7"", ""importer"": ""gltf-embeded-image"", ""name"": ""res/gray.png.image"", ""display_name"": """", ""imported"": true, ""files"": ["".json"", "".png""]}, {""id"": ""f01f6"", ""uuid"": ""81de249d-5238-4a14-bd8f-dbbfd8fdbbf5@f01f6"", ""importer"": ""gltf-embeded-image"", ""name"": ""res/number.png.image"", ""display_name"": """", ""imported"": true, ""files"": ["".json"", "".png""]}, {""id"": ""3effa"", ""uuid"": ""81de249d-5238-4a14-bd8f-dbbfd8fdbbf5@3effa"", ""importer"": ""texture"", ""name"": ""UnnamedTexture-0.texture"", ""display_name"": """", ""imported"": true, ""files"": ["".json""]}, {""id"": ""221a5"", ""uuid"": ""81de249d-5238-4a14-bd8f-dbbfd8fdbbf5@221a5"", ""importer"": ""texture"", ""name"": ""UnnamedTexture-1.texture"", ""display_name"": """", ""imported"": true, ""files"": ["".json""]}, {""id"": ""0089c"", ""uuid"": ""81de249d-5238-4a14-bd8f-dbbfd8fdbbf5@0089c"", ""importer"": ""texture"", ""name"": ""UnnamedTexture-2.texture"", ""display_name"": """", ""imported"": true, ""files"": ["".json""]}, {""id"": ""80a7d"", ""uuid"": ""81de249d-5238-4a14-bd8f-dbbfd8fdbbf5@80a7d"", ""importer"": ""gltf-material"", ""name"": ""MeshBasicMaterial-0.material"", ""display_name"": """", ""imported"": true, ""files"": ["".json""]}, {""id"": ""fdb1e"", ""uuid"": ""81de249d-5238-4a14-bd8f-dbbfd8fdbbf5@fdb1e"", ""importer"": ""gltf-material"", ""name"": ""MeshLambertMaterial-1.material"", ""display_name"": """", ""imported"": true, ""files"": ["".json""]}, {""id"": ""39e74"", ""uuid"": ""81de249d-5238-4a14-bd8f-dbbfd8fdbbf5@39e74"", ""importer"": ""gltf-material"", ""name"": ""MeshLambertMaterial-2.material"", ""display_name"": """", ""imported"": true, ""files"": ["".json""]}, {""id"": ""0063d"", ""uuid"": ""81de249d-5238-4a14-bd8f-dbbfd8fdbbf5@0063d"", ""importer"": ""gltf-material"", ""name"": ""MeshLambertMaterial-3.material"", ""display_name"": """", ""imported"": true, ""files"": ["".json""]}, {""id"": ""e3ef8"", ""uuid"": ""81de249d-5238-4a14-bd8f-dbbfd8fdbbf5@e3ef8"", ""importer"": ""gltf-scene"", ""name"": ""numbered_block_4.prefab"", ""display_name"": """", ""imported"": true, ""files"": ["".json""]}]"
assets/resources/jump/derived/models/numbered_block_5.glb,derived-model,备用模型,编号平台，原代码h=5，实际显示数字6，非HUD数字,无,保留模型，当前核心白名单不用；显示数字6，不可按文件索引当数字值,4db46e9a-28a9-4df0-b6e7-987e232ddbea,gltf,docs/参考资料/原始提取包/派生模型/numbered_block_5.glb,22840,bcd94305f7b2621f1fe0a8b1001effb546ad8e039ea3c49a9f4964274c189465,"""""","[{""id"": ""85ade"", ""uuid"": ""4db46e9a-28a9-4df0-b6e7-987e232ddbea@85ade"", ""importer"": ""gltf-mesh"", ""name"": ""PlaneGeometry-0.mesh"", ""display_name"": """", ""imported"": true, ""files"": ["".bin"", "".json""]}, {""id"": ""3c7e0"", ""uuid"": ""4db46e9a-28a9-4df0-b6e7-987e232ddbea@3c7e0"", ""importer"": ""gltf-mesh"", ""name"": ""BoxGeometry-1.mesh"", ""display_name"": """", ""imported"": true, ""files"": ["".bin"", "".json""]}, {""id"": ""c3312"", ""uuid"": ""4db46e9a-28a9-4df0-b6e7-987e232ddbea@c3312"", ""importer"": ""gltf-mesh"", ""name"": ""PlaneGeometry-2.mesh"", ""display_name"": """", ""imported"": true, ""files"": ["".bin"", "".json""]}, {""id"": ""802ce"", ""uuid"": ""4db46e9a-28a9-4df0-b6e7-987e232ddbea@802ce"", ""importer"": ""gltf-mesh"", ""name"": ""hitObj-3.mesh"", ""display_name"": """", ""imported"": true, ""files"": ["".bin"", "".json""]}, {""id"": ""58b04"", ""uuid"": ""4db46e9a-28a9-4df0-b6e7-987e232ddbea@58b04"", ""importer"": ""gltf-embeded-image"", ""name"": ""res/shadow.png.image"", ""display_name"": """", ""imported"": true, ""files"": ["".json"", "".png""]}, {""id"": ""0d8a7"", ""uuid"": ""4db46e9a-28a9-4df0-b6e7-987e232ddbea@0d8a7"", ""importer"": ""gltf-embeded-image"", ""name"": ""res/gray.png.image"", ""display_name"": """", ""imported"": true, ""files"": ["".json"", "".png""]}, {""id"": ""f01f6"", ""uuid"": ""4db46e9a-28a9-4df0-b6e7-987e232ddbea@f01f6"", ""importer"": ""gltf-embeded-image"", ""name"": ""res/number.png.image"", ""display_name"": """", ""imported"": true, ""files"": ["".json"", "".png""]}, {""id"": ""3effa"", ""uuid"": ""4db46e9a-28a9-4df0-b6e7-987e232ddbea@3effa"", ""importer"": ""texture"", ""name"": ""UnnamedTexture-0.texture"", ""display_name"": """", ""imported"": true, ""files"": ["".json""]}, {""id"": ""221a5"", ""uuid"": ""4db46e9a-28a9-4df0-b6e7-987e232ddbea@221a5"", ""importer"": ""texture"", ""name"": ""UnnamedTexture-1.texture"", ""display_name"": """", ""imported"": true, ""files"": ["".json""]}, {""id"": ""0089c"", ""uuid"": ""4db46e9a-28a9-4df0-b6e7-987e232ddbea@0089c"", ""importer"": ""texture"", ""name"": ""UnnamedTexture-2.texture"", ""display_name"": """", ""imported"": true, ""files"": ["".json""]}, {""id"": ""80a7d"", ""uuid"": ""4db46e9a-28a9-4df0-b6e7-987e232ddbea@80a7d"", ""importer"": ""gltf-material"", ""name"": ""MeshBasicMaterial-0.material"", ""display_name"": """", ""imported"": true, ""files"": ["".json""]}, {""id"": ""fdb1e"", ""uuid"": ""4db46e9a-28a9-4df0-b6e7-987e232ddbea@fdb1e"", ""importer"": ""gltf-material"", ""name"": ""MeshLambertMaterial-1.material"", ""display_name"": """", ""imported"": true, ""files"": ["".json""]}, {""id"": ""39e74"", ""uuid"": ""4db46e9a-28a9-4df0-b6e7-987e232ddbea@39e74"", ""importer"": ""gltf-material"", ""name"": ""MeshLambertMaterial-2.material"", ""display_name"": """", ""imported"": true, ""files"": ["".json""]}, {""id"": ""0063d"", ""uuid"": ""4db46e9a-28a9-4df0-b6e7-987e232ddbea@0063d"", ""importer"": ""gltf-material"", ""name"": ""MeshLambertMaterial-3.material"", ""display_name"": """", ""imported"": true, ""files"": ["".json""]}, {""id"": ""9de60"", ""uuid"": ""4db46e9a-28a9-4df0-b6e7-987e232ddbea@9de60"", ""importer"": ""gltf-scene"", ""name"": ""numbered_block_5.prefab"", ""display_name"": """", ""imported"": true, ""files"": ["".json""]}]"
assets/resources/jump/derived/models/numbered_block_6.glb,derived-model,备用模型,编号平台，原代码h=6，实际显示数字7，非HUD数字,无,保留模型，当前核心白名单不用；显示数字7，不可按文件索引当数字值,35e2d60c-d3d4-44da-a671-8b2f3a1e151e,gltf,docs/参考资料/原始提取包/派生模型/numbered_block_6.glb,22836,ff12e1cbc9300a0095fc37cf00f74a42466237f5120c2d588cba77ae8f0ee194,"""""","[{""id"": ""85ade"", ""uuid"": ""35e2d60c-d3d4-44da-a671-8b2f3a1e151e@85ade"", ""importer"": ""gltf-mesh"", ""name"": ""PlaneGeometry-0.mesh"", ""display_name"": """", ""imported"": true, ""files"": ["".bin"", "".json""]}, {""id"": ""3c7e0"", ""uuid"": ""35e2d60c-d3d4-44da-a671-8b2f3a1e151e@3c7e0"", ""importer"": ""gltf-mesh"", ""name"": ""BoxGeometry-1.mesh"", ""display_name"": """", ""imported"": true, ""files"": ["".bin"", "".json""]}, {""id"": ""c3312"", ""uuid"": ""35e2d60c-d3d4-44da-a671-8b2f3a1e151e@c3312"", ""importer"": ""gltf-mesh"", ""name"": ""PlaneGeometry-2.mesh"", ""display_name"": """", ""imported"": true, ""files"": ["".bin"", "".json""]}, {""id"": ""802ce"", ""uuid"": ""35e2d60c-d3d4-44da-a671-8b2f3a1e151e@802ce"", ""importer"": ""gltf-mesh"", ""name"": ""hitObj-3.mesh"", ""display_name"": """", ""imported"": true, ""files"": ["".bin"", "".json""]}, {""id"": ""58b04"", ""uuid"": ""35e2d60c-d3d4-44da-a671-8b2f3a1e151e@58b04"", ""importer"": ""gltf-embeded-image"", ""name"": ""res/shadow.png.image"", ""display_name"": """", ""imported"": true, ""files"": ["".json"", "".png""]}, {""id"": ""0d8a7"", ""uuid"": ""35e2d60c-d3d4-44da-a671-8b2f3a1e151e@0d8a7"", ""importer"": ""gltf-embeded-image"", ""name"": ""res/gray.png.image"", ""display_name"": """", ""imported"": true, ""files"": ["".json"", "".png""]}, {""id"": ""f01f6"", ""uuid"": ""35e2d60c-d3d4-44da-a671-8b2f3a1e151e@f01f6"", ""importer"": ""gltf-embeded-image"", ""name"": ""res/number.png.image"", ""display_name"": """", ""imported"": true, ""files"": ["".json"", "".png""]}, {""id"": ""3effa"", ""uuid"": ""35e2d60c-d3d4-44da-a671-8b2f3a1e151e@3effa"", ""importer"": ""texture"", ""name"": ""UnnamedTexture-0.texture"", ""display_name"": """", ""imported"": true, ""files"": ["".json""]}, {""id"": ""221a5"", ""uuid"": ""35e2d60c-d3d4-44da-a671-8b2f3a1e151e@221a5"", ""importer"": ""texture"", ""name"": ""UnnamedTexture-1.texture"", ""display_name"": """", ""imported"": true, ""files"": ["".json""]}, {""id"": ""0089c"", ""uuid"": ""35e2d60c-d3d4-44da-a671-8b2f3a1e151e@0089c"", ""importer"": ""texture"", ""name"": ""UnnamedTexture-2.texture"", ""display_name"": """", ""imported"": true, ""files"": ["".json""]}, {""id"": ""80a7d"", ""uuid"": ""35e2d60c-d3d4-44da-a671-8b2f3a1e151e@80a7d"", ""importer"": ""gltf-material"", ""name"": ""MeshBasicMaterial-0.material"", ""display_name"": """", ""imported"": true, ""files"": ["".json""]}, {""id"": ""fdb1e"", ""uuid"": ""35e2d60c-d3d4-44da-a671-8b2f3a1e151e@fdb1e"", ""importer"": ""gltf-material"", ""name"": ""MeshLambertMaterial-1.material"", ""display_name"": """", ""imported"": true, ""files"": ["".json""]}, {""id"": ""39e74"", ""uuid"": ""35e2d60c-d3d4-44da-a671-8b2f3a1e151e@39e74"", ""importer"": ""gltf-material"", ""name"": ""MeshLambertMaterial-2.material"", ""display_name"": """", ""imported"": true, ""files"": ["".json""]}, {""id"": ""0063d"", ""uuid"": ""35e2d60c-d3d4-44da-a671-8b2f3a1e151e@0063d"", ""importer"": ""gltf-material"", ""name"": ""MeshLambertMaterial-3.material"", ""display_name"": """", ""imported"": true, ""files"": ["".json""]}, {""id"": ""eb253"", ""uuid"": ""35e2d60c-d3d4-44da-a671-8b2f3a1e151e@eb253"", ""importer"": ""gltf-scene"", ""name"": ""numbered_block_6.prefab"", ""display_name"": """", ""imported"": true, ""files"": ["".json""]}]"
assets/resources/jump/derived/textures_compat/box_middle.png,derived-texture,备用兼容纹理,去除特殊ICC信息，RGBA像素与原图一致,01,原图保留；需要对应平台材质时用兼容副本,97ac48e9-bd44-421e-b6ec-1734a010422e,image,docs/参考资料/原始提取包/派生模型/纹理兼容副本/box_middle.png,1599,ad0b912ec0b77907a38e10d61453895e73f9be02cebc89321c4827a4a4728a36,"""""","[{""id"": ""6c48a"", ""uuid"": ""97ac48e9-bd44-421e-b6ec-1734a010422e@6c48a"", ""importer"": ""texture"", ""name"": ""texture"", ""display_name"": ""box_middle"", ""imported"": true, ""files"": ["".json""]}]"
assets/resources/jump/derived/textures_compat/well.png,derived-texture,备用兼容纹理,去除特殊ICC信息，RGBA像素与原图一致,01,原图保留；需要对应平台材质时用兼容副本,e8dad887-351b-45fa-be09-3f358e4b5134,image,docs/参考资料/原始提取包/派生模型/纹理兼容副本/well.png,70392,ab94a0f0134042ae29d3093d3df2322daa19a645c7b336d3c8711a047323b3a4,"""""","[{""id"": ""6c48a"", ""uuid"": ""e8dad887-351b-45fa-be09-3f358e4b5134@6c48a"", ""importer"": ""texture"", ""name"": ""texture"", ""display_name"": ""well"", ""imported"": true, ""files"": ["".json""]}]"
assets/resources/jump/derived/backgrounds/gradient_0.png,derived-background,核心背景,从原ground色值生成的静态渐变图，非原包图片,01/04,首局gradient_5；其余按独立视觉序列切换,b2ac5928-ecb1-45c1-ae08-5512f59c4829,image,docs/参考资料/原始提取包/派生背景/gradient_0.png,2625,b7acc273c8af5a8e6ee07f7d9618207eb9de3b835c9b61098175b6d5cc89f1c5,"""""","[{""id"": ""6c48a"", ""uuid"": ""b2ac5928-ecb1-45c1-ae08-5512f59c4829@6c48a"", ""importer"": ""texture"", ""name"": ""texture"", ""display_name"": ""gradient_0"", ""imported"": true, ""files"": ["".json""]}]"
assets/resources/jump/derived/backgrounds/gradient_1.png,derived-background,核心背景,从原ground色值生成的静态渐变图，非原包图片,01/04,首局gradient_5；其余按独立视觉序列切换,5f79627d-8556-40d5-8105-c5b0aec2ef5b,image,docs/参考资料/原始提取包/派生背景/gradient_1.png,2651,a076a74e999eaf890ec49feb4554cc5ffc11a37b70f6db702f3a6bff99b10a5d,"""""","[{""id"": ""6c48a"", ""uuid"": ""5f79627d-8556-40d5-8105-c5b0aec2ef5b@6c48a"", ""importer"": ""texture"", ""name"": ""texture"", ""display_name"": ""gradient_1"", ""imported"": true, ""files"": ["".json""]}]"
assets/resources/jump/derived/backgrounds/gradient_2.png,derived-background,核心背景,从原ground色值生成的静态渐变图，非原包图片,01/04,首局gradient_5；其余按独立视觉序列切换,6151ca1d-3bb0-4c63-a017-aa53de4e48e1,image,docs/参考资料/原始提取包/派生背景/gradient_2.png,2653,e2404c5a0781a95b9ebc4d1fa40552de73993a328557c1e1a269331f40b75a7e,"""""","[{""id"": ""6c48a"", ""uuid"": ""6151ca1d-3bb0-4c63-a017-aa53de4e48e1@6c48a"", ""importer"": ""texture"", ""name"": ""texture"", ""display_name"": ""gradient_2"", ""imported"": true, ""files"": ["".json""]}]"
assets/resources/jump/derived/backgrounds/gradient_3.png,derived-background,核心背景,从原ground色值生成的静态渐变图，非原包图片,01/04,首局gradient_5；其余按独立视觉序列切换,f7e8f8cd-8710-4462-9205-347ace6c8f27,image,docs/参考资料/原始提取包/派生背景/gradient_3.png,2654,2ba483e12b5094e2562d119ca04d40f64805063c278545f88a4b59cf5996d81c,"""""","[{""id"": ""6c48a"", ""uuid"": ""f7e8f8cd-8710-4462-9205-347ace6c8f27@6c48a"", ""importer"": ""texture"", ""name"": ""texture"", ""display_name"": ""gradient_3"", ""imported"": true, ""files"": ["".json""]}]"
assets/resources/jump/derived/backgrounds/gradient_4.png,derived-background,核心背景,从原ground色值生成的静态渐变图，非原包图片,01/04,首局gradient_5；其余按独立视觉序列切换,d8751d25-012f-477d-a757-6b042fd5f21e,image,docs/参考资料/原始提取包/派生背景/gradient_4.png,2671,9804d0f340bc4d833662a4e1c71aac87153958856881b25845036d76ee20e5a0,"""""","[{""id"": ""6c48a"", ""uuid"": ""d8751d25-012f-477d-a757-6b042fd5f21e@6c48a"", ""importer"": ""texture"", ""name"": ""texture"", ""display_name"": ""gradient_4"", ""imported"": true, ""files"": ["".json""]}]"
assets/resources/jump/derived/backgrounds/gradient_5.png,derived-background,核心背景,从原ground色值生成的静态渐变图，非原包图片,01/04,首局gradient_5；其余按独立视觉序列切换,dcc86dc3-6fff-4c98-bd91-4d692c8a84b1,image,docs/参考资料/原始提取包/派生背景/gradient_5.png,2627,579303e7ac23cc082569c748565a0fee88a849ba6cbd06dc6983a0b771841ed8,"""""","[{""id"": ""6c48a"", ""uuid"": ""dcc86dc3-6fff-4c98-bd91-4d692c8a84b1@6c48a"", ""importer"": ""texture"", ""name"": ""texture"", ""display_name"": ""gradient_5"", ""imported"": true, ""files"": ["".json""]}]"
assets/resources/jump/derived/backgrounds/gradient_6.png,derived-background,核心背景,从原ground色值生成的静态渐变图，非原包图片,01/04,首局gradient_5；其余按独立视觉序列切换,a720b66f-3ea9-4b49-8d61-32d060664a5e,image,docs/参考资料/原始提取包/派生背景/gradient_6.png,2653,67503f8c06e6d816573e5343acbab4b804968143043c676106c216ef17553da1,"""""","[{""id"": ""6c48a"", ""uuid"": ""a720b66f-3ea9-4b49-8d61-32d060664a5e@6c48a"", ""importer"": ""texture"", ""name"": ""texture"", ""display_name"": ""gradient_6"", ""imported"": true, ""files"": ["".json""]}]"
assets/resources/jump/derived/atlas/number/digit_5.png,derived-atlas,备用图集裁片,原编号平台数字5；源图片区域region_0，不是HUD计分字库,无,备用裁片，数字含义已核实；HUD使用num.ttf,f33ed7b6-5591-479e-90c3-4b31db539141,image,docs/参考资料/原始提取包/图集拆分/number/region_0.png,1280,45cdd41da8587aa5bc08064fc96abc7d1e6b6cec4bc7450a17fd51458d25c71e,"""""","[{""id"": ""6c48a"", ""uuid"": ""f33ed7b6-5591-479e-90c3-4b31db539141@6c48a"", ""importer"": ""texture"", ""name"": ""texture"", ""display_name"": ""digit_5"", ""imported"": true, ""files"": ["".json""]}]"
assets/resources/jump/derived/atlas/number/digit_6.png,derived-atlas,备用图集裁片,原编号平台数字6；源图片区域region_1，不是HUD计分字库,无,备用裁片，数字含义已核实；HUD使用num.ttf,7b7718ad-1280-4957-b041-dfaeec6b9268,image,docs/参考资料/原始提取包/图集拆分/number/region_1.png,1542,2dafd0eaa1a1aabe1688db55a2be24ff7dec8d2e1c37d1bfbf5a8b4d47022f9c,"""""","[{""id"": ""6c48a"", ""uuid"": ""7b7718ad-1280-4957-b041-dfaeec6b9268@6c48a"", ""importer"": ""texture"", ""name"": ""texture"", ""display_name"": ""digit_6"", ""imported"": true, ""files"": ["".json""]}]"
assets/resources/jump/derived/atlas/number/digit_7.png,derived-atlas,备用图集裁片,原编号平台数字7；源图片区域region_2，不是HUD计分字库,无,备用裁片，数字含义已核实；HUD使用num.ttf,7d9cbcd5-c45f-4e70-b65d-cdf93a871aff,image,docs/参考资料/原始提取包/图集拆分/number/region_2.png,856,2cf2cf95f28790c8685dcaceabd8761f2711134470349ab42ad57a5d6db78ff8,"""""","[{""id"": ""6c48a"", ""uuid"": ""7d9cbcd5-c45f-4e70-b65d-cdf93a871aff@6c48a"", ""importer"": ""texture"", ""name"": ""texture"", ""display_name"": ""digit_7"", ""imported"": true, ""files"": ["".json""]}]"
assets/resources/jump/derived/atlas/number/unused_blank.png,derived-atlas,备用图集裁片,原图集全透明空格，源区域region_3，不参与显示,无,仅保留溯源，不绑定Sprite/HUD/平台数字,3fcf52b2-2fb5-413d-b8ea-f60b8b5ca3bb,image,docs/参考资料/原始提取包/图集拆分/number/region_3.png,281,038584a7adf7aa9c34bb698ff5b9e5a1cfe6fb77828a690142c811c668c67a27,"""""","[{""id"": ""6c48a"", ""uuid"": ""3fcf52b2-2fb5-413d-b8ea-f60b8b5ca3bb@6c48a"", ""importer"": ""texture"", ""name"": ""texture"", ""display_name"": ""unused_blank"", ""imported"": true, ""files"": ["".json""]}]"
assets/resources/jump/derived/atlas/number/digit_1.png,derived-atlas,备用图集裁片,原编号平台数字1；源图片区域region_4，不是HUD计分字库,无,备用裁片，数字含义已核实；HUD使用num.ttf,eecf77fc-4093-4fb0-bf65-f44255df4798,image,docs/参考资料/原始提取包/图集拆分/number/region_4.png,578,ed3ecc6e14710da162d650e99788f19f2001e3cc53ba007432b720e41513ca42,"""""","[{""id"": ""6c48a"", ""uuid"": ""eecf77fc-4093-4fb0-bf65-f44255df4798@6c48a"", ""importer"": ""texture"", ""name"": ""texture"", ""display_name"": ""digit_1"", ""imported"": true, ""files"": ["".json""]}]"
assets/resources/jump/derived/atlas/number/digit_2.png,derived-atlas,备用图集裁片,原编号平台数字2；源图片区域region_5，不是HUD计分字库,无,备用裁片，数字含义已核实；HUD使用num.ttf,94030334-bf0d-4ac4-a5f3-c2beabd3f8ef,image,docs/参考资料/原始提取包/图集拆分/number/region_5.png,1231,a1bc3dd845247c42c7ea7056b35f6c074d85c8472267b1962cfff9af9984bbe7,"""""","[{""id"": ""6c48a"", ""uuid"": ""94030334-bf0d-4ac4-a5f3-c2beabd3f8ef@6c48a"", ""importer"": ""texture"", ""name"": ""texture"", ""display_name"": ""digit_2"", ""imported"": true, ""files"": ["".json""]}]"
assets/resources/jump/derived/atlas/number/digit_3.png,derived-atlas,备用图集裁片,原编号平台数字3；源图片区域region_6，不是HUD计分字库,无,备用裁片，数字含义已核实；HUD使用num.ttf,375448e8-da03-48d9-a804-85198accd5cf,image,docs/参考资料/原始提取包/图集拆分/number/region_6.png,1461,24eb2ef132682af3b61daab054b5b3d53230e0b9cb8a6b2d8d70d2b4298b3f2e,"""""","[{""id"": ""6c48a"", ""uuid"": ""375448e8-da03-48d9-a804-85198accd5cf@6c48a"", ""importer"": ""texture"", ""name"": ""texture"", ""display_name"": ""digit_3"", ""imported"": true, ""files"": ["".json""]}]"
assets/resources/jump/derived/atlas/number/digit_4.png,derived-atlas,备用图集裁片,原编号平台数字4；源图片区域region_7，不是HUD计分字库,无,备用裁片，数字含义已核实；HUD使用num.ttf,72114c00-37d2-4fda-878f-c7cebfe0ba94,image,docs/参考资料/原始提取包/图集拆分/number/region_7.png,741,b3bd6de6a37c9e77e0a761b6ac0ec7fb7c15aa0c6fa2f417efb264c4c948ecaf,"""""","[{""id"": ""6c48a"", ""uuid"": ""72114c00-37d2-4fda-878f-c7cebfe0ba94@6c48a"", ""importer"": ""texture"", ""name"": ""texture"", ""display_name"": ""digit_4"", ""imported"": true, ""files"": ["".json""]}]"
assets/resources/jump/derived/fonts/embedded-font.typeface.json,derived-typeface,字体参考,Three内嵌typeface JSON，26字形，不是Cocos字体资源,无,JSON参考，不能直接设为Label.font,8a9cede6-0e64-4a3a-a32f-0abf90d71618,json,docs/参考资料/原始提取包/字体参考/embedded-font.typeface.json,14859,322f8cba370a98e94e3429c53e5e80b081ae874e33e98376b186fc3709dd2cc4,"""""",[]
assets/resources/jump/original/app_icon/wx7c8d593b2c3a7703_bcccd355e68e4aeb14594cd85eaf3b59.png,app-icon,备用图标,缓存中的小游戏应用图标，非角色/UI按钮,无,只保留缓存应用图标，不绑定核心游戏UI；本任务不构建或设置包图标,c1c9834d-1f81-4e54-b98e-1e960ee8bd0e,image,docs/参考资料/原始提取包/应用图标/wx7c8d593b2c3a7703_bcccd355e68e4aeb14594cd85eaf3b59.png,18609,57d87d58e2d4dc05ed6f333bc67f73d0a7b94c215f3441f22bfb7f82bb073fa9,"""""","[{""id"": ""6c48a"", ""uuid"": ""c1c9834d-1f81-4e54-b98e-1e960ee8bd0e@6c48a"", ""importer"": ""texture"", ""name"": ""texture"", ""display_name"": ""wx7c8d593b2c3a7703_bcccd355e68e4aeb14594cd85eaf3b59"", ""imported"": true, ""files"": ["".json""]}]"
